낱말,빈도수
해,445
책,329
봅시다,320
생각,312
말,308
것,298
사람,257
수,238
할,220
글,218
내용,213
하는,192
친구,190
때,190
의견,186
이,170
이야기,169
자신,159
한,158
나,157
우리,149
마음,149
읽고,148
일,139
인물,130
보세요,128
무엇,124
내,109
그,108
아버지,105
어떤,101
알,100
를,98
방법,97
써,97
다른,94
까닭,94
하며,93
있는,88
다,85
잘,78
하기,76
더,75
쓴,75
학교,74
보고,73
독서,73
헬렌,73
는,70
점,69
의,69
어머니,69
입니다,68
싶은,67
영란,67
요,65
날,65
사라,65
대화,64
제목,63
함께,62
뒤,61
가,61
우,61
정리,60
서,60
안,60
느낌,59
엄마,59
어떻게,57
아이,57
읽어,54
속,53
봐요,53
있어,53
영화,53
너,53
잠자리,53
좋은,52
전,52
장면,52
봉,52
한다,51
표현,51
해야,51
예절,51
앞,50
감상문,50
하면,49
그림,48
저,48
가지,47
눈,47
하고,47
답,47
부분,47
할아버지,46
뒷받침,46
손,45
했나요,44
쪽,44
꿈,44
문장,44
정,43
대한,43
게,43
쓴이의,43
쓸,43
편지,42
모,41
때문,41
선생님,41
국어,41
우진,41
투발루,41
활동,40
집,40
곳,40
합니다,40
누가,40
아빠,40
김만덕,40
여러,39
활용,39
인상,39
보기,39
그렇게,39
비,38
줄,38
은,38
상황,38
살,38
제시,38
두,37
했습니다,37
했어요,37
독,36
했다,36
물음,36
만,36
뜻,35
관련,35
같이,35
떠올려,34
난,34
시,34
하지,34
이름,34
다시,34
학급,34
전하,34
전기문,34
로자,34
읽은,33
위,33
소리,33
왜,33
된,33
못,33
공부,33
확인,33
큰,33
정말,32
물,32
하다,32
데,32
자리,32
많이,31
지금,31
붙임,31
하나,31
문제,31
사건,31
네,31
행동,31
있는지,31
아들,31
윤아,31
누구,30
하여,30
거,30
시작,30
발표,30
자기,30
가장,30
깊은,30
그래서,29
낱말,29
적,29
놀이,29
모습,29
또,28
나라,28
모두,28
로,28
가운데,28
옹고집,28
제주도,28
정약용,28
되는,27
감동,27
어디,27
기본,27
오늘이,27
세,27
제,27
버스,27
젓가락,27
댐,27
읽는,26
옷,26
고,26
사실,26
않고,26
지,26
시간,26
될,26
만화,26
와,26
딸,26
회의,26
건설,26
있어요,25
골라,25
같아,25
성격,25
당나귀,25
말씀,25
뭐,25
얼굴,25
대왕,25
읽기,24
경험,24
둠,24
같은,24
주제,24
본,24
마을,24
자,24
바람,24
몸,24
일까,24
쓰기,24
실천,24
많은,24
어찌,24
나무,24
온라인,24
초희,24
준,23
따라,23
했어,23
그때,23
세상,23
나를,23
해결,23
과,23
사,23
쓴다,23
등장인물,23
걸,23
볼,23
들어,23
사용,23
이제,22
사는,22
선,22
기분,22
평가,22
배경,22
배,22
자유,22
멸치,22
시를,21
있나요,21
해서,21
작은,21
그런,21
있습니다,21
쓰는,21
습,21
드러나게,21
목화,21
읽을,20
떠올리며,20
기,20
문화재,20
준비,20
대해,20
관심,20
혼자,20
소개,20
숲,20
마,20
도,20
으,20
노력,20
온,20
감상,20
상상,20
알맞은,20
이렇게,20
년,20
상대,20
시대,20
만들기,19
없는,19
진짜,19
이해,19
다음,19
하세요,19
듣고,19
찾아,19
번,19
본받고,19
받은,19
신문,19
달,19
고양이,19
너무,18
수도,18
싶어,18
바탕,18
거리,18
입,18
질문,18
자료,18
무슨,18
이어질,18
월,18
예,18
이웃,18
공기,18
부모님,18
간,17
정해,17
쓰고,17
기억,17
걱정,17
법,17
아기,17
꼭,17
알기,17
되어,17
느낀,17
아,17
짐작,17
역할,17
부족하다면,17
참,17
알아봅시다,17
소식,17
있다,17
듯,17
믿을,17
따위,16
서로,16
그렇다,16
있,16
새,16
작품,16
찾을,16
사랑,16
카드,16
보,16
길,16
힘,16
없어,16
지켜야,16
다리,16
얼른,16
할머니,16
초코파이,16
비행기,16
이슬,16
후,15
만들어,15
행복한,15
매우,15
나누어,15
칭찬,15
할까,15
했,15
역할극,15
보면,15
일어난,15
단원,15
좀,15
바로,15
한다고,15
위해,15
봐,15
아주,15
없이,15
있었어요,15
짜임,15
장수,15
임금,15
준우,15
나오는,14
반,14
표,14
나도,14
아침,14
중,14
삶,14
여기,14
하게,14
만든,14
하늘,14
그래도,14
새로운,14
되었다,14
선택,14
늑대,14
함,14
도움,14
명,14
어려움,14
있었다,14
오늘,14
하려는,14
아무,14
아니요,14
동안,14
밑,14
물건,14
기차,14
특성,14
오라버니,14
넓,14
망둥,14
할멈,14
나누기,13
비슷한,13
보니,13
좋아하는,13
하려고,13
교실,13
면,13
기도,13
쪽지,13
곡식,13
강,13
야,13
새로,13
생활,13
노인,13
되고,13
개,13
아니라,13
않은,13
양반,13
고개,13
타고,13
있었습니다,13
조금,13
자전거,13
켈러,13
하였다,13
판단,13
가자미,13
살펴보고,12
짝,12
이야기책,12
분야,12
않아,12
고른,12
이런,12
있게,12
돈,12
미래,12
계속,12
배운,12
장소,12
어느,12
지혜,12
나와,12
이의,12
형식,12
먼저,12
하루,12
않는다,12
먹는,12
물어,12
안전,12
수컷,12
바람직한,12
종류,11
있을,11
작가,11
되었습니다,11
콩,11
그것,11
주는,11
옛날,11
밥,11
가족,11
주고,11
끝,11
되면,11
까,11
처음,11
차례,11
가는,11
죽,11
갑자기,11
남,11
인사,11
옆,11
고운,11
들고,11
목소리,11
하셨습니다,11
리,11
그렇지,11
창훈이,11
머리,11
담당자,11
살았던,11
앤,11
허난설헌,11
세시,11
풀이,11
날개,11
적절한지,11
머리말,10
궁금한,10
우주,10
기준,10
별로,10
읽으면,10
대,10
나누고,10
멀리,10
겨울,10
언제나,10
화,10
한번,10
성,10
언제,10
했는지,10
중심,10
돼지,10
람,10
주인공,10
된다,10
얼마,10
짓는,10
하자,10
만난,10
일이,10
불,10
바꾸어,10
나게,10
두기,10
귀,10
써요,10
있었던,10
너희,10
물이,10
책상,10
이사,10
하,10
있도록,10
사람과,10
지키며,10
박,10
그래,10
경찰관,10
그냥,10
달인,10
목,10
이르는,10
갈,10
어떠하다,10
목홧값,10
사회,10
백성,10
제주,10
선조,10
유희춘,10
풍속,10
지하,10
즐겁고,10
차,10
정보,9
평소,9
어려운,9
있던,9
하였습니다,9
살이,9
설명,9
써서,9
거나,9
쓴이가,9
무,9
나서,9
할지,9
계획,9
아저씨,9
깃,9
동물,9
보며,9
주인,9
임,9
남는,9
안녕,9
배울까,9
김밥,9
편,9
자주,9
용이,9
사이,9
가야,9
직접,9
하려면,9
적절한,9
실감,9
연습,9
늘,9
농사,9
가슴,9
였습니다,9
모양,9
달라,9
빈칸,9
고쳐,9
다니는,9
재환,9
들을,9
대답,9
표어,9
차례대로,9
해당,9
맞게,9
공,9
운전사,9
그러고는,9
밖,9
눈물,9
사물함,9
자꾸,9
이는,9
발,9
신,9
광,9
상수리,9
만강,9
스,9
도서관,9
목사,9
조선,9
동지,9
털,9
바다,9
암컷,9
애벌레,9
예상,8
좋아요,8
나온,8
꽃,8
분,8
첫,8
그럼,8
했지,8
라면,8
방,8
세계,8
중요한,8
점점,8
나쁜,8
술,8
려고,8
해요,8
깊게,8
대사,8
하면서,8
그게,8
매일,8
구름,8
덕분,8
고민,8
행복,8
되지,8
하나요,8
전시,8
지어,8
써야,8
가고,8
씁니다,8
고마운,8
안녕하세요,8
만큼,8
선생,8
지식,8
사과,8
있으면,8
아직,8
붙인,8
이용,8
막,8
주변,8
흐름,8
종이,8
아주머니,8
음식,8
빙고,8
어른,8
누리집,8
꾸며,8
니,8
채,8
얼마나,8
일어나,8
문,8
빨리,8
밤,8
시장,8
한참,8
혀,8
창훈,8
밀,8
질,8
주은이가,8
초,8
아줌마,8
건,8
사고,8
동무,8
있는가,8
가면,8
기관,8
선비,8
육지,8
마당,8
가치관,8
가기,8
수영,8
짝짓기,8
개방,8
편식,8
주차장,8
시집,7
고르는,7
있을까,7
즐겨,7
흥미,7
사진,7
원,7
있었어,7
끼리,7
결정,7
보통,7
재미있게,7
이번,7
고려,7
있어서,7
여름,7
않는,7
위로,7
전체,7
재미,7
노,7
여,7
붙여,7
들은,7
가짜,7
고향,7
잘못,7
든,7
찾아봐요,7
달리,7
처지,7
각각,7
표정,7
광고지,7
먹지,7
돼요,7
아니,7
이무기,7
각,7
마침내,7
빛,7
용기,7
이어,7
핀,7
등,7
지난,7
연기,7
우리나라,7
임금님,7
같,7
태웅,7
그만,7
나타내는,7
않았습니다,7
지우,7
받아,7
내게,7
스스로,7
안창호,7
일도,7
신발,7
생,7
댓글,7
게시판,7
돌,7
모든,7
주의,7
가자,7
오는,7
영철,7
비교,7
하셨어요,7
먹을,7
거친,7
예의,7
바른,7
그림말,7
조사,7
출처,7
올,7
경,7
벌,7
들,7
뿐,7
왔다,7
멋져,7
다섯,7
공기놀이,7
부탁,7
두고,7
넣어,7
유,7
가방,7
주은이,7
주발,7
들었습니다,7
방언,7
히,7
먹고,7
피해,7
사또,7
다문화,7
흉년,7
과정,7
백성은,7
퍼킨,7
토미,7
스승,7
찬,7
민서,7
보호,7
대요,7
학년,6
글자,6
역사,6
모아,6
읽어요,6
즐겁게,6
용,6
가요,6
좋을지,6
먼,6
부,6
여러분,6
놀,6
어린,6
떠오르는,6
떠올린,6
권,6
변화,6
모르는,6
려,6
물고기,6
무척,6
음,6
주,6
둘,6
있다고,6
열심히,6
말투,6
바닥,6
붙인다,6
본다,6
좋겠어,6
데리,6
어울리는,6
필요한,6
귀가,6
또는,6
되었어,6
말로,6
달리기,6
잔뜩,6
미안한,6
그동안,6
그릇,6
했던,6
따라서,6
보았다,6
팔,6
본받을,6
상,6
이재환,6
동생,6
인,6
아는지,6
며,6
바르게,6
주어,6
하는지,6
필요,6
오,6
산,6
듣는,6
대화명,6
정도,6
쥐,6
듣는다,6
있다면,6
받고,6
구성,6
요소,6
타다,6
백,6
백인,6
가서,6
내며,6
이었습니다,6
앉아,6
주었습니다,6
어쩔,6
해도,6
셋,6
치,6
김해,6
접시,6
바,6
크게,6
냄새,6
병,6
길이,6
같았습니다,6
부모,6
교문,6
같았다,6
온통,6
값,6
효은,6
김효,6
어제,6
방문,6
살아온,6
실,6
있을까요,6
교육,6
로부터,6
유관순,6
장애,6
관리,6
상인,6
바닷물,6
굶어,6
정조,6
신하,6
업적,6
설리번,6
짐,6
조상,6
균,6
알았는데,6
노래,6
낳는,6
혜원,6
다룬,5
읽었어,5
골랐어,5
사전,5
모여,5
있지,5
초록색,5
표시,5
좋을,5
금방,5
형제,5
들이,5
포기,5
누,5
그러니까,5
전해,5
사이좋게,5
없을,5
전화,5
되,5
주시,5
다가,5
마지막,5
기를,5
원님,5
어떻,5
싶,5
깊이,5
세워,5
결과,5
천체,5
별,5
아름다운,5
계절,5
환경,5
싶다,5
둠이,5
삼,5
진실,5
자음,5
놓고,5
보라,5
지아,5
영상,5
다를,5
하던,5
만드는,5
이겨,5
른,5
있는데,5
가게,5
자연,5
몇,5
섬,5
줄거리,5
신분,5
나타낼,5
내어,5
학생,5
미안해,5
따뜻한,5
고마워,5
응원,5
담아,5
만들,5
보여,5
그날,5
드는,5
올림,5
축하,5
크고,5
한단다,5
반드시,5
있니,5
읽지,5
떠올린다,5
묻고,5
별명,5
점검,5
층,5
저희,5
많고,5
항상,5
맞아,5
기쁘게,5
태도,5
모르게,5
않아도,5
살펴봅시다,5
그려,5
뭐라고,5
했을지,5
대신,5
들어갈,5
복도,5
들어간,5
토끼,5
장난,5
시기,5
높임말,5
근거,5
원래,5
쓰면,5
한쪽,5
보이지,5
고칠,5
시오,5
돌려,5
그리,5
마음속,5
아무런,5
웃으며,5
줘,5
몹시,5
사물,5
훨씬,5
꺼내,5
결국,5
멋진,5
김씨,5
빈,5
바둑알,5
삼십,5
겨,5
일곱,5
집어,5
권법,5
수법,5
채소,5
왕,5
칭칭,5
져,5
모시,5
한복,5
마루,5
나오지,5
흰,5
보아,5
가만히,5
통,5
만날,5
내려,5
였다,5
긴,5
호주머니,5
코,5
있었,5
갔다,5
농부,5
밭,5
예지,5
주었다,5
홍수,5
없게,5
주민,5
대로,5
비유,5
처,5
표준어,5
주시경,5
이었다,5
않다,5
쉽게,5
양민,5
지방,5
구,5
불어,5
재산,5
배우고,5
거중기,5
명령,5
열병,5
시력,5
이기,5
펌프,5
다닐,5
자동차,5
유배,5
설헌,5
글방,5
팥죽,5
동기,5
가르칠,5
그랬어,5
바다로,5
야자나무,5
사냥꾼,5
껍질,5
고인돌,5
마음대로,5
방해,5
모자,5
면담,5
들려줄,5
외할아버지,5
저자,4
꼼꼼히,4
추리,4
읽었던,4
습관,4
나눌,4
고를,4
알맞게,4
버릴,4
추천,4
정채봉,4
동화,4
살던,4
가을,4
이었지요,4
내고,4
문득,4
놀기,4
운동장,4
되었,4
볼까,4
싫어,4
싫어하는,4
건강,4
내지,4
듣기,4
읽으며,4
궁금증,4
싶구나,4
가난한,4
했을까,4
증명,4
되었을까,4
진,4
생긴,4
추려,4
밤하늘,4
했고,4
지구,4
망원경,4
주위,4
면서,4
비밀,4
식물,4
구절,4
알려,4
먹이,4
먹은,4
알아맞히기,4
몸짓,4
예고편,4
펼쳐질지,4
윤,4
잔치,4
있다는,4
깊었어,4
아는,4
어서,4
찾고,4
하는데,4
이상,4
되는지,4
각자,4
태우고,4
햇빛,4
며칠,4
와서,4
가며,4
않을,4
맡은,4
독도,4
일어났는지,4
자격,4
로서,4
로써,4
풀,4
일으켜,4
찾아봅시다,4
이었나요,4
나니,4
당황,4
보았습니다,4
파악,4
키,4
되려고,4
더욱,4
둘째,4
제대로,4
놀이터,4
운동,4
어떠했나요,4
이틀,4
알림판,4
보지,4
싶을,4
현관,4
온몸,4
느낄,4
보물,4
그대로,4
돼,4
단,4
발견,4
했다고,4
다르게,4
맞는,4
그러면서,4
특히,4
대부분,4
드러나는,4
아무리,4
쓰인,4
발음,4
좋을까요,4
싫은,4
불러,4
좋을까,4
신유,4
지키지,4
딱지,4
바랍니다,4
지켜,4
지키는,4
넌,4
현영,4
정신,4
줄임,4
생길,4
판,4
번호,4
대상,4
광고,4
조심,4
중간,4
인터넷,4
절,4
청,4
앉았습니다,4
종일,4
쳐다보았습니다,4
잠시,4
물었습니다,4
살짝,4
싶지,4
피부색,4
저기,4
애,4
장,4
이미,4
신나게,4
뒷문,4
구경,4
헤벌쭉,4
있겠어요,4
했지요,4
폭,4
보자,4
어디서,4
먼지,4
나비,4
털어,4
아까,4
억지로,4
되자,4
어요,4
않,4
여자아이,4
그러다,4
옮기는,4
골목,4
먹어,4
그걸,4
가득,4
었어,4
딱따구리,4
딱,4
주은이는,4
잃은,4
옷감,4
오십,4
그제야,4
울,4
아버님,4
얘,4
땅,4
운명,4
오히려,4
드디어,4
락,4
전쟁,4
소원,4
아버,4
주지,4
겉,4
데리러,4
테,4
어릴,4
학,4
교,4
아닌,4
겁,4
던,4
바지,4
맛,4
퍼센트,4
완성,4
기름,4
왜냐하면,4
입어,4
떠나야,4
생기는,4
이러한,4
민,4
받침,4
처럼,4
경우,4
외국인,4
대하,4
식당,4
선진국,4
김,4
종,4
기록,4
기생,4
사정,4
되던,4
객줏집,4
이익,4
들여,4
보내,4
지닌,4
굶주린,4
벼슬,4
여자,4
이상한,4
학문,4
편히,4
지을,4
암행어사,4
거의,4
좋아,4
책벌레,4
시인,4
갑,4
없다,4
명나라,4
시후,4
귀신,4
팥,4
새롭게,4
교복,4
산길,4
거기,4
전시회,4
그늘,4
툭,4
곤충,4
쫓아,4
나뭇가지,4
지킬,4
적절하다고,4
생생하게,4
파괴,4
덩실,4
제기,4
외할머니,4
쾌지나,4
모은,3
찾아보기,3
알아보기,3
않나요,3
전통,3
동아리,3
나누면,3
않을까,3
있고,3
않았지만,3
재미있을,3
아니다,3
파란색,3
태,3
어린이,3
받았습니다,3
시절,3
잠,3
베어,3
싶습니다,3
찾는,3
있기,3
줍니다,3
예전,3
부터,3
컴퓨터,3
있어야,3
나올,3
돌아갈,3
없구나,3
향,3
낼,3
없었다,3
슨,3
될까,3
분류,3
집은,3
있을지,3
재미있어,3
과학자,3
태양,3
올려,3
지도,3
그리기,3
옥수수,3
오염,3
청소부,3
토의,3
먹는다고,3
싶었던,3
아닙니다,3
적극,3
참여,3
감정,3
수업,3
끝나고,3
거란,3
끝나면,3
알아맞힌다,3
자두,3
싶나요,3
섞어,3
선의,3
주신,3
과자,3
피구,3
생일,3
거짓말,3
남아,3
연꽃,3
평,3
읽으면서,3
점수,3
벗,3
웃음,3
어둠,3
상태,3
만든다,3
만들고,3
이해해,3
동쪽,3
수비대,3
강치,3
간단히,3
관,3
수단,3
회장,3
언니,3
않다고,3
전달,3
가까운,3
드러내는,3
잡기,3
아직도,3
론,3
싶었어,3
긴장,3
싶었을,3
같아서,3
드러난,3
걷는,3
성현,3
존경,3
체험학습,3
만들려고,3
곧,3
필립,3
힘써야,3
독립,3
되려면,3
조건,3
꾸준히,3
보는,3
첫째,3
당부,3
되기,3
괜찮아,3
대회,3
만약,3
자세히,3
썼나요,3
드리고,3
여운,3
넷입니,3
길도,3
낯설기만,3
듭니,3
왔습니다,3
하기로,3
승강기,3
담은,3
이었어요,3
시연,3
벌써,3
어울려,3
건강하고,3
웃음소리,3
사귀려면,3
르,3
신경,3
동전,3
장점,3
넓은,3
몫,3
알아야,3
얘기,3
그러면,3
겹받침,3
영수,3
서방,3
고기,3
한마디,3
천,3
맞,3
똑같은,3
민수,3
했다면,3
싫은데,3
한다면,3
식사,3
이건,3
할게요,3
교통,3
수고,3
식탁,3
심한,3
원칙,3
기회,3
고맙겠습니다,3
끼어들지,3
내일,3
하니,3
적은,3
나갔습니다,3
써도,3
손가락,3
하다고,3
된다는,3
짓,3
땐,3
담,3
커다란,3
민우,3
앗,3
실수,3
높,3
재미있는,3
들으며,3
앉을,3
앞쪽,3
좁은,3
하신,3
걸어,3
꼬마,3
특별한,3
바꾸고,3
왔,3
앉은,3
규칙,3
외,3
내리는,3
소리쳤습니다,3
어기,3
안아,3
쳤습니다,3
신문사,3
쯤,3
앉아야,3
나오자,3
기자,3
흔들어,3
아니었어요,3
않았어,3
절대,3
날씨,3
천천히,3
흑인,3
또다시,3
열어,3
이후,3
아니에요,3
도시,3
겪는,3
오기,3
자꾸만,3
웃는,3
들어줄,3
같았어요,3
떨어져라,3
개는,3
굴러,3
소리쳤어요,3
내밀고는,3
그러고,3
연,3
걸려,3
쑥,3
듯이,3
떼어,3
이를,3
지으며,3
제일,3
거지,3
엉,3
앉았어요,3
돌아와,3
슬,3
승연이,3
약간,3
주었어요,3
담긴,3
초가,3
아울러,3
있나,3
속이,3
반찬,3
지었어요,3
야만인,3
풍습,3
좋아하,3
오줌,3
상품권,3
구리구리,3
궁,3
금,3
쏙쏙,3
족집게,3
주은이와,3
솜씨,3
감기,3
타,3
실제,3
어울리게,3
꾸민,3
표지,3
재,3
곱,3
갔습니다,3
태어나서,3
쓸어,3
너무나,3
마치,3
모금,3
들판,3
모닥불,3
줌,3
마침,3
제발,3
돌아,3
어리석은,3
꼼짝,3
누워,3
번쩍,3
가리키는,3
통해,3
자식,3
숭,3
냈다,3
이따,3
깨진,3
맛있는,3
걸음,3
커,3
가까이,3
낳고,3
투,3
정이,3
아예,3
아픈,3
읍내,3
흠씬,3
창수,3
순간,3
바싹,3
숨,3
다행히,3
고물,3
않았다,3
싫었다,3
무신,3
여태껏,3
기운,3
생기,3
그럴,3
끄,3
여태,3
준다고,3
그러더니,3
머릿속,3
바라보았다,3
꽉,3
늙은,3
연결,3
많아,3
말았다,3
시원한,3
버리고,3
손해,3
맡았던,3
그러니,3
잖아,3
하류,3
났다고,3
잃고,3
읽었습니다,3
잠기,3
드러나도록,3
침,3
쳐,3
썼어요,3
간다,3
소,3
중요할까,3
노르웨이,3
이민자,3
관용,3
없습니다,3
권리,3
주장,3
구성원,3
국가,3
마리,3
배울,3
거래,3
옮겨,3
지키고,3
절약,3
풍년,3
어렵게,3
태풍,3
놓은,3
석,3
오게,3
깜짝,3
나누며,3
했을,3
목표,3
무덤,3
수원,3
쌓을,3
세우고,3
줄일,3
알아보는,3
지역,3
욕,3
현,3
목민심서,3
요약,3
안고,3
없었습니다,3
헬,3
렌,3
의사,3
전혀,3
응,3
오랜,3
소녀,3
싫어한다고,3
관계,3
깨닫게,3
배우는,3
기쁨,3
누릴,3
극복,3
깨워,3
이루어,3
낸,3
시킨,3
제한,3
중국,3
줄기,3
놀라,3
글공부,3
내려가고,3
허균,3
싫어요,3
주목,3
받았어,3
읽었을,3
읽었,3
낮,3
지겟,3
작대기,3
당,3
신작로,3
풀잎,3
일기,3
꼴,3
초록,3
총각,3
욕심,3
큰일,3
야옹,3
빙하,3
저렇게,3
하니까,3
후회,3
느껴졌어,3
하은,3
앉고,3
센,3
물가,3
예방,3
팔러,3
더운,3
태웠어요,3
아낙,3
청년,3
귀한,3
적절하지,3
편의,3
시설,3
늘리는,3
동,3
한지,3
다양한,3
따져,3
훼손,3
보금자리,3
침해,3
고깔,3
들려주기,3
소풍,3
추웠다가,3
더웠다가,3
꼴뚜기,3
화가,3
뺨,3
시나,3
제기차기,3
하얀,3
뜨신,3
공주,3
꼴딱,3
지은,2
목록,2
폭넓게,2
크기,2
읽을지,2
노란색,2
훑어,2
생기지,2
갈색,2
있지만,2
아니지만,2
미가,2
바닷가,2
따,2
많,2
아우,2
셈,2
봄,2
남은,2
마다,2
하얗게,2
린,2
독자,2
부끄러움,2
행복하,2
다는,2
맑음,2
창작,2
읽으니,2
담겨,2
놀기로,2
즐거운,2
있었는데,2
좋아하고,2
휴대,2
두면,2
나중,2
재물,2
얻었으니,2
얻어,2
두려워,2
한편,2
곳간,2
곡,2
식,2
짜,2
쫓겨날,2
끝난,2
떠오른,2
짜라고,2
옹,2
봐야,2
관측,2
달력,2
넘게,2
관찰,2
은하,2
수많은,2
이룬다,2
풀려고,2
별자리,2
만들었다,2
추려요,2
개념,2
아시아,2
유럽,2
발생,2
되었으면,2
책갈피,2
나오면,2
들려주는,2
이웃집,2
잘한,2
일일,2
늑,2
줄까,2
책임,2
허,2
읽었나요,2
읽는다,2
누리,2
즐기기,2
한꺼,2
니모,2
찾아서,2
같아요,2
하기도,2
놀고,2
않게,2
다녀오겠습니다,2
곧장,2
대표,2
장난꾸러기,2
같은데,2
보았나요,2
나타내기,2
뒤집어,2
적힌,2
싸,2
운,2
않는다고,2
아니고,2
재미있었어,2
맨,2
받,2
서서,2
가려고,2
되었나요,2
여의주,2
꽃나무,2
여의,2
행,2
난다,2
주기도,2
짧은,2
쌓아,2
른다,2
작,2
만나,2
모른다,2
등장,2
나누,2
풀칠,2
겹,2
쳐서,2
아가,2
슬픔,2
여행,2
내려앉았,2
죽어,2
잃어버린,2
했으면,2
하기에,2
대본,2
천연기념물,2
자고,2
남자,2
갖추어,2
옷차림,2
머물러,2
얻는다,2
봉사,2
찾기,2
함께한,2
운동회,2
싶었지만,2
쑥스러워서,2
쓰게,2
되었거든,2
숨고,2
달리다가,2
돌아와서,2
주었지,2
잡은,2
힘껏,2
달려,2
잊지,2
않을게,2
잊,2
부끄러운,2
뛸,2
지수,2
주면,2
깜빡,2
전지우,2
반죽,2
스러웠습니다,2
모를,2
놓여,2
고맙,2
특징,2
정해진,2
썼어,2
알아보세요,2
필,2
되는구나,2
기쁘구나,2
편안히,2
미국,2
홍콩,2
가려,2
견디거라,2
부지런히,2
읽어라,2
다친,2
목적,2
부르며,2
치료,2
고맙다는,2
놀란,2
들지,2
부족한,2
열한,2
겪은,2
동네,2
아파트,2
지를,2
살아요,2
환영,2
줘서,2
예쁜,2
가득했습니다,2
보일,2
일과,2
피아노,2
춤,2
십,2
좋,2
느끼게,2
깔깔,2
바꿀,2
소중한,2
이란다,2
떻,2
있잖니,2
않단다,2
갖고,2
단점,2
못지않게,2
누군가,2
분도,2
이끌어,2
분위기,2
갖게,2
않도록,2
불편한,2
인격,2
하더라도,2
어려워,2
맑다,2
납니다,2
밝기,2
달이,2
한밤중,2
바르고,2
공손하게,2
우체국,2
준비물,2
박바,2
우와,2
주었나요,2
인지,2
냥,2
와야,2
쇠고기,2
고맙습니다,2
나면,2
지킨,2
당연한,2
사슴,2
거북,2
사자,2
듣지,2
혼나,2
좋은지,2
바르지,2
끝날,2
있었나요,2
상하,2
잠깐,2
하겠습니다,2
얻고,2
어긋난,2
공식,2
합,2
일어날,2
자신이라면,2
반갑게,2
문자,2
님,2
아니야,2
나가,2
어떡해,2
신중,2
배려,2
존중,2
원판,2
연필,2
클립,2
적절,2
공익,2
해서는,2
낮말은,2
밤말,2
속담,2
떠,2
알아보고,2
급한,2
말아야,2
공동,2
따뜻하게,2
준다,2
바라보며,2
반응,2
이면,2
드려라,2
글씨,2
생김새,2
옮김,2
앉는,2
구분,2
찡그리며,2
어머,2
왔단다,2
머니,2
별다른,2
보였습니다,2
똑같,2
리가,2
물으셨습니다,2
돌아가는,2
좋겠구나,2
아가씨,2
잖니,2
가라,2
가자고,2
이러다,2
없어요,2
그럼요,2
앉,2
라,2
몇몇,2
소리치셨습니다,2
마라,2
자리는,2
경찰서,2
했나,2
확실히,2
기사,2
대꾸,2
빠르게,2
퍼져,2
보러,2
자를,2
깨,2
같구나,2
대고,2
당신,2
셨습니,2
이튿날,2
어쨌든,2
정류장,2
간직,2
웃으셨,2
재촉,2
타지,2
그다음,2
몰,2
하기를,2
찍어,2
들어서니,2
드르륵,2
하는구나,2
하러,2
어쩌면,2
되게,2
했는데,2
얄미웠어요,2
어느새,2
손등,2
꼼지락,2
빌고,2
떨어져,2
들어갔어요,2
김창훈,2
돼서,2
쏙,2
버리는,2
엎드려,2
깜깜,2
않았어요,2
벌레,2
마주,2
렸,2
자가,2
붙은,2
지우개,2
나왔어요,2
냈어요,2
내밀었어요,2
아유,2
묻어,2
쥐어박고,2
나타나,2
지나가는,2
팍,2
잡아채더니,2
여자애,2
이쯤,2
웃기기,2
작전,2
눈웃음,2
살살,2
콧구멍,2
펭귄,2
쭉,2
번만,2
봐줘잉,2
무서웡,2
콧소리,2
화난,2
웃지,2
나오고,2
말았어요,2
실룩,2
떴,2
머리핀,2
싶었을까,2
아니면,2
얼,2
웃,2
일지,2
열리는,2
났어요,2
웬,2
맑은,2
전학,2
어깨,2
감싸,2
김주은,2
아아,2
김치,2
거렸,2
놓았어요,2
합격,2
넷,2
들렸어요,2
두부,2
주먹,2
기술,2
주로,2
반복,2
들었다,2
놓았다,2
조몰락조몰락,2
메추리,2
먹었어요,2
골,2
쁜,2
묻자,2
인도,2
맨손,2
많다니,2
외국,2
마시고,2
칠판,2
마찬가지,2
교탁,2
파란,2
찾아가,2
대체,2
성규,2
긁,2
물었어요,2
도대체,2
민지,2
깜박,2
았,2
쳤어요,2
금세,2
후끈,2
동시,2
귓바퀴,2
옮겼어요,2
감,2
결승전,2
밑줄,2
야채,2
꾸밀,2
끌,2
여인,2
허리,2
이마,2
기품,2
풍,2
파,2
주름,2
보이,2
드리는,2
선물,2
눈치,2
그리던,2
마니가,2
계시답니다,2
보려고,2
알아차렸습니다,2
한숨,2
푸욱,2
여지,2
불효자,2
보았,2
여기는,2
나갔다,2
안절부절,2
며느리,2
전화기,2
말았습니다,2
메어,2
달려갈,2
막혀,2
멍하니,2
급하게,2
장례식,2
안타까운,2
갔,2
입고,2
구실,2
도망,2
휘,2
보더,2
쯧쯧,2
값진,2
참으로,2
놋쇠,2
밥그릇,2
놓는,2
끼,2
헤어지고,2
간절히,2
있었다는,2
마련,2
아궁이,2
저리,2
흙,2
내려앉았다,2
코앞,2
내리고,2
헐,2
오라,2
벌컥,2
핑계,2
흉,2
그렇다면,2
없,2
정문,2
마지못해,2
불쑥,2
자세,2
디,2
떡,2
먹겠어,2
조각,2
자라,2
좋았다,2
꼬,2
얼핏,2
그런다고,2
뚫고,2
우산,2
빠져나갔다,2
몰고,2
슬쩍,2
보였다,2
닭,2
알은체,2
맞고,2
힝,2
삐져,2
서도,2
현관문,2
달라붙어,2
나기,2
요즘,2
한잔,2
몽땅,2
방금,2
보네,2
씨,2
껏,2
겼다,2
부아,2
탈,2
뜨거운,2
몰래,2
막걸리,2
잔,2
혹시,2
아냐,2
벗고,2
수건,2
내밀었다,2
놈,2
붉어졌다,2
마른,2
시상,2
뜨고,2
아껴,2
지고,2
다닌,2
있어도,2
대학,2
요즈음,2
하라,2
배우게,2
가끔,2
속도,2
초코,2
비닐,2
껍,2
댔다,2
나이,2
고생,2
었다,2
없다는,2
돌아왔다,2
매콤,2
맵다,2
언어,2
폭력,2
괴롭힘,2
송이,2
게을렀습니다,2
움직임,2
성질,2
초등학생,2
적는다,2
끊어,2
강아지,2
굴,2
린다,2
살았다,2
싼,2
팔았다,2
싸기,2
샀다,2
발라,2
이라,2
곁,2
더미,2
순식간,2
산초,2
성한,2
순전히,2
억울한,2
없다며,2
판결,2
투덜거렸다,2
삽니다,2
작년,2
물난리,2
막으려면,2
반대,2
다시는,2
평생,2
물질,2
해마다,2
늘어나고,2
여름철,2
폭우,2
내버려,2
목숨,2
인한,2
지원,2
견,2
뒷받,2
쓰면서,2
분명,2
썼,2
바늘,2
도둑,2
나타내,2
비록,2
없지만,2
바나나,2
빨간,2
인구,2
된다고,2
수가,2
국민,2
무리,2
차이,2
이지,2
흘긋,2
무역,2
국,2
진정한,2
발전,2
까요,2
난한,2
노동자,2
진정,2
낯선,2
살며,2
겁니다,2
간판,2
올갱이,2
다슬기,2
할매,2
덕,2
책꽂이,2
싶어서,2
최초,2
문법,2
세운,2
남긴,2
안타깝게,2
학자,2
좋습니다,2
싶다는,2
이었는데,2
침략,2
살려면,2
연구,2
친척,2
되돌려,2
집안,2
자랐다,2
다니며,2
미역,2
적당한,2
가격,2
장사,2
남기고,2
정직한,2
드나드는,2
검소,2
은혜,2
이듬해,2
그해,2
수확,2
위기,2
이만,2
빠졌다,2
오백,2
어진,2
풀어,2
등잔,2
가치,2
도록,2
금강산,2
나타난다,2
쉬,2
불리,2
세금,2
한양,2
익,2
쌓은,2
조금씩,2
실학,2
묘,2
살면서,2
새로이,2
덜,2
들이고,2
무거운,2
옮길,2
살림,2
연천,2
서둘러,2
직,2
살려,2
아홉,2
소용,2
잠도,2
빠져,2
끌어안고,2
거듭,2
비춰,2
이전,2
보았지만,2
저녁,2
알리는,2
능력,2
갇힌,2
식구,2
묻은,2
만지는,2
기적,2
잡고,2
가로,2
손바닥,2
환히,2
비로소,2
배우기,2
열렸습니다,2
일찍,2
쓰고는,2
다니게,2
시각,2
희망,2
끊임없이,2
않았던,2
장난감,2
열,2
받을,2
보냈습니다,2
일본,2
만세,2
내려는,2
살아갈,2
내는,2
정말로,2
궁궐,2
애원,2
시골,2
막힌,2
소신,2
무릎,2
오류,2
아래,2
편찬,2
잤다,2
꿈속,2
헤매고,2
아니었다,2
않으면,2
맞은,2
앉았다,2
없다고,2
짓고,2
떨리는,2
붓,2
여겼다,2
우선,2
보자기,2
올려놓았다,2
서안,2
다가가,2
이루,2
되다니,2
떼,2
되어야,2
펴고,2
말았답니다,2
명제,2
지번,2
유년,2
출,2
양,2
잇,2
받다,2
아낌없이,2
살펴보세요,2
켜,2
의미,2
부여,2
듬뿍,2
느꼈습니다,2
감명,2
붙이,2
고른다,2
어울리는지,2
도시락,2
러,2
아프다,2
무서운,2
그러는,2
신고,2
보다,2
방울,2
젖었다,2
흠뻑,2
찔,2
꺽,2
품속,2
싫어한,2
공감,2
느꼈어,2
느끼는,2
찾은,2
자유롭게,2
나타내고,2
꼴찌,2
담이에게,2
한단,2
더불어,2
들과,2
쓰다듬고,2
꼬랑지,2
바짝,2
따로따로,2
만났어,2
기다려,2
불어나서,2
마구,2
불어나요,2
있거든,2
바라보았어,2
떠나,2
떠나기,2
슬픈,2
맡기고,2
힘들게,2
투발,2
루,2
어렸을,2
떠나는,2
글쎄,2
턱,2
창밖,2
도깨비,2
다이어리,2
앉았어,2
날아가,2
움직이는,2
먹이는,2
모기,2
각다귀,2
잡아먹,2
뾰족,2
논,2
되어서,2
빙,2
돌고,2
함부로,2
버려,2
찢어져,2
래야,2
날아올라,2
오르락내리락,2
붙들고,2
찌,2
세게,2
낳아,2
낳을,2
물속,2
됐어,2
낳은,2
붙잡고,2
쪼글,2
물방개,2
날이었어요,2
않겠어요,2
태우는,2
가는데,2
걷게,2
편하게,2
가다니,2
참을,2
지쳐,2
만들면,2
쉴,2
들으니,2
전문가,2
살펴봐야,2
살펴본다,2
관람,2
옛,2
형태,2
곰팡이,2
관련성,2
먹기,2
아닐까,2
골라요,2
낭비,2
합시다,2
생물,2
요구,2
자신감,2
않을까요,2
자유로운,2
인정,2
된다면,2
해서랍니다,2
들까,2
외치,2
군밤,2
가지러,2
자동,2
에이,2
놨는,2
몰라서,2
그랬죠,2
낭독,2
노랫말,2
최고,2
달걀,2
숙이는,2
숙,2
사흘,2
나흘,2
메기,2
병어,2
오르락,2
버렸고,2
웃다가,2
엉덩이,2
들려줍시다,2
꾸미기,2
꾸며요,2
시로,2
문학,2
차기,2
숫숫,2
얼어,2
쨍그랑,2
깨져,2
는데요,2
했고요,2
싸게,2
눈보라,2
랴,2
소린,2
젖,2
하하,2
맞다,2
나네,2
장구,2
아리랑,2
아라리,2
났네,2
다혜,2
칙칙폭폭,2
골랐던,1
읽어야겠어,1
편이,1
크거나,1
작지,1
장신구,1
흥미로워,1
학기,1
의논,1
어떨까,1
둠은,1
만들었어,1
논해,1
읽기로,1
오른쪽,1
다루지는,1
다루고,1
읽어서,1
살펴보기,1
얇아서,1
흥,1
상해,1
오세암,1
향기,1
썼고,1
문학상,1
소재,1
동화책,1
쓰신,1
봤어,1
울창,1
산이,1
짖는,1
깨곤,1
중략,1
뻐꾸기,1
울며,1
들국화,1
녹지,1
벼,1
내린,1
서리,1
정기,1
쓴다는,1
느낍니다,1
동심,1
것이므,1
젖게,1
부끄럽게,1
터,1
이르기까지,1
바라는,1
서문,1
내려오는,1
둘이서,1
나뉘어,1
놀았으,1
좋겠어요,1
힘찬,1
아마,1
진심,1
돌멩이,1
하나로,1
달라지고,1
놀기보다,1
즐거워하지요,1
드러나,1
읽을까,1
돌아가며,1
앞일,1
인심,1
희망이,1
동냥,1
먹으며,1
떠돌아다닌,1
지났다,1
그리웠지만,1
돌아가면,1
쫓겨날까,1
신의,1
반성,1
라며,1
떠올리기,1
개과천선,1
나누었을까,1
짜라며,1
물어보는,1
없으니까,1
따지며,1
아닌지,1
옛적,1
탐구,1
많았던,1
만들어졌다,1
천동설,1
믿었,1
지동설,1
옳다는,1
밝혀졌다,1
외부,1
알았고,1
신화,1
전설,1
밝혀,1
나가다,1
로켓,1
쏘아,1
있으며,1
능,1
개발,1
탄생,1
별별,1
덧붙이며,1
납시오,1
식량,1
바이오,1
연료,1
유전자,1
변형,1
전파,1
쓰임,1
좋겠다고,1
사료,1
읽다가,1
했었는데,1
읽다,1
되풀이,1
모으기,1
대에게,1
설탕,1
컵,1
꾸어,1
대를,1
삼았을까,1
클까,1
기는,1
공일,1
둠과,1
부수,1
하지는,1
같습니다,1
초가집,1
무너,1
뜨,1
재채기,1
지푸라기,1
나누겠습니다,1
둠의,1
돌아보기,1
주제가,1
쓴이,1
기르기,1
읽기의,1
중요성,1
느끼고,1
남나요,1
물으시는데요,1
많다는,1
늦지,1
들어오렴,1
지난번,1
오렴,1
김주원,1
뽑는,1
란색,1
뽑는다,1
같으면,1
오이,1
가르는,1
불릴,1
어떠했을까요,1
학원,1
연호,1
싸우고,1
변해,1
있잖아,1
김치볶음밥,1
간단해,1
웃었잖아,1
체육,1
르는데,1
개학,1
따돌리는,1
외면,1
미리,1
간추린,1
복,1
산다,1
갈라진,1
얼음,1
떨어지는,1
구해,1
뿜어,1
되찾는다,1
꺾,1
낸다,1
사막,1
벗어나고,1
돌아간,1
성실한,1
색칠,1
김은정,1
부러웠다,1
행복했으면,1
일어나서,1
되었는지,1
잇고,1
보낸다,1
꺾어지자,1
마자,1
송이송이,1
꽃들이,1
피기,1
꽃봉오리,1
하게도,1
졌는데도,1
이어서,1
생기나요,1
살펴보면서,1
전개,1
접고,1
접은,1
뜯는다,1
나머지,1
왼쪽,1
어울리도록,1
태윤이,1
시름시름,1
앓다가,1
빠졌지,1
고자,1
떠난다는,1
지호,1
사라져,1
버리자,1
말라,1
뿜자,1
감쌌지,1
살아나서,1
벌이는,1
뒷이야기,1
즉흥,1
떠오르지,1
쓰거나,1
외우지,1
않으므로,1
소품,1
충분히,1
정성,1
다해,1
들입니다,1
찾아보고,1
비슷한지,1
위치,1
호로,1
지정,1
일어났더니,1
커져,1
감출,1
왕관,1
만들게,1
의관,1
웃옷,1
겉옷,1
갓,1
정식,1
입는,1
이른다,1
일어날지,1
옳은,1
지위,1
도구,1
나타내므로,1
농,1
사의,1
되므로,1
읽음,1
자랑스러운,1
최선,1
다한,1
다투었지만,1
부족하지,1
다툰,1
쑥스럽지만,1
전보,1
해설,1
두근거려,1
기쁘면서도,1
두려웠어,1
경기,1
넘어지고,1
말았지,1
느껴져서,1
같았어,1
참았,1
참았을,1
행복했어,1
힘차게,1
달리는,1
느리게,1
보람,1
점도,1
좋았을,1
속상했겠다,1
김하영,1
지내셨,1
도자기,1
진흙,1
물레,1
잘되지,1
속상해서,1
바를,1
오셨,1
내는지,1
시범,1
주셨습니다,1
신기하,1
만들어졌습니다,1
친절하게,1
가르쳐,1
주시던,1
생각납니,1
만들도록,1
도와주셔서,1
안녕히,1
계세,1
제자,1
썼을까,1
립,1
넘어져,1
다쳤다는,1
팔이,1
낫거들랑,1
올라가게,1
국회,1
의원,1
동양,1
온다고,1
왔다만,1
들르지,1
만나지는,1
했단,1
상하이,1
커지는,1
어리고,1
작았을,1
더욱더,1
워낙,1
진실한,1
쉬울,1
진실하고,1
깨끗해야,1
사귀어야,1
부지런해져라,1
사귀고,1
멈추지,1
말아라,1
택하렴,1
얻기,1
익혀라,1
겠지,1
믿는다,1
도산,1
가족사진,1
읽으라고,1
드러낸,1
안부,1
올라간,1
힘쓰,1
놀려서,1
받았다고,1
들었어,1
다쳐서,1
보건,1
고마웠는데,1
드렸어,1
놀린,1
일어,1
드러낼,1
사를,1
붙였답니다,1
소통,1
됩시다,1
좋겠네요,1
친하게,1
지내요,1
공원,1
고마워요,1
마음씨,1
반가워,1
반가워요,1
지날수록,1
신기한,1
생겼어요,1
탄,1
훈훈한,1
글쓰기,1
새끼,1
낳음,1
이어달리기,1
선수,1
뽑힘,1
고마웠어,1
받았던,1
고마웠던,1
화해,1
어떠할지,1
큰딸,1
안았을,1
생생한데,1
되었구나,1
놀러,1
컸다는,1
새삼,1
곤,1
자랑스럽단다,1
겠구나,1
애교,1
작은딸,1
정연,1
퇴근,1
아오,1
뛰어나오는,1
귀염둥이,1
좋아한다는,1
피로,1
없어진단다,1
밝고,1
씩씩하게,1
자라길,1
바란다,1
미소,1
솟고,1
행복감,1
느낀단다,1
받는,1
엇,1
훌륭하게,1
자랄,1
도울,1
하려,1
체스터필드,1
쓰이지,1
사귀는,1
모르겠다고,1
어렵지,1
같단다,1
나쁘기만,1
착하기만,1
없단다,1
옳지,1
일부러,1
역시,1
주려면,1
올바른,1
때로는,1
외모,1
단정히,1
필요해,1
친해지고,1
싶다면,1
주고받는,1
연설,1
힘들고,1
유쾌하지,1
또한,1
고르렴,1
좋단다,1
떠든다고,1
집중,1
없잖니,1
가려면,1
끌어내면,1
상관없는,1
모자라,1
과장,1
우쭐대게,1
된단다,1
떠벌리고,1
치장,1
됨됨이,1
숨기기,1
만나면,1
발끼,1
오면,1
붉지,1
북찌,1
불찌,1
단풍,1
드물다,1
맑기도,1
막끼,1
말끼,1
하구나,1
찰흙,1
묽고,1
묵꼬,1
물꼬,1
부드럽다,1
갈았어,1
맑지,1
어항,1
뜨니,1
밝지,1
수진,1
올라가시면,1
보입니다,1
미술,1
색종이,1
가위,1
상자,1
사러,1
젊은,1
불렀는,1
빚,1
갚는다잖아,1
곱대,1
어떠했을지,1
지었을,1
바우야,1
줘라,1
주게,1
달라져요,1
불렀다면,1
어이,1
키다리,1
왔냐,1
부르고,1
되돌아봅시다,1
어긋나는,1
하시는,1
일상생활,1
넘어진,1
주었는데,1
했는데도,1
들으니까,1
좋았어,1
앞집,1
하셨는데,1
어색해서,1
불편하더라,1
도중,1
끼어드는,1
끝났는데,1
해야지,1
알나리,1
깔나리,1
그만해,1
주고받으면,1
기다릴게,1
않았을까요,1
어떠했는지,1
부르지,1
좋겠습니다,1
다수결,1
지내자,1
기다려야,1
쳇,1
친할,1
치는,1
모르나,1
다투냐,1
얻지,1
였지,1
아무튼,1
어긋났다고,1
지키려면,1
경청,1
나눈,1
하잖아,1
네네,1
샀다고,1
아까는,1
바꿔서,1
알아봤네,1
안경,1
샀어,1
연주,1
있네,1
조심하자,1
모르니,1
어휴,1
없네,1
지나치게,1
알아본,1
기호,1
숫자,1
조합,1
받았을,1
림말,1
나타낼까,1
받게,1
어떠할까,1
좋았거나,1
불편했던,1
없었는지,1
장난스러운,1
로만,1
적절하게,1
쓰지,1
몰라,1
보이는데,1
대화방,1
나가면,1
남았는데,1
모르고,1
괜찮을까,1
나타난,1
만들거,1
좋다,1
칸,1
고정,1
튕긴다,1
멈춘,1
가운,1
동의,1
들려,1
올랐다,1
하실,1
끼어들면,1
되지만,1
하시는데,1
죄송합니다,1
있어서요,1
허락,1
알겠어,1
정확하게,1
밝혀야,1
했으니,1
지켜야겠어,1
불조심,1
미울,1
최원우,1
깨나,1
지키자는,1
했기,1
과제,1
공손한,1
오해,1
있으므로,1
적절히,1
가져다,1
누구세요,1
구나,1
고맙다고,1
다리는,1
조심할게,1
지녀야,1
불쾌감,1
리지,1
올린,1
인용,1
밝힌다,1
끝낼,1
원하지,1
강요,1
문항,1
거위,1
묶어,1
만들까,1
윌리엄,1
밀러,1
박찬석,1
존,1
워드,1
탔습니다,1
쳐다보는,1
찡그렸습니다,1
웃어,1
댔습니다,1
잔소리,1
이래,1
만족해야지,1
깍지,1
낀,1
하시고는,1
내리셨습니다,1
가정,1
부엌,1
아팠습니다,1
주말,1
하셨지만,1
켤레,1
입으실,1
형편,1
알아보기로,1
마음먹었습니다,1
통로,1
만족해야,1
창문,1
지저분했고,1
시끄러운,1
똑같았습니다,1
대단하다는,1
두리번거리니,1
싶어서요,1
나아갔습니다,1
기어,1
커다,1
란,1
핸들,1
돌리는,1
지켜보았습니다,1
성난,1
쏘아보았습니다,1
앉아라,1
알다시피,1
이유,1
중얼거리더니,1
브레이크,1
밟았습니다,1
끼익,1
멈춰,1
섰습니다,1
따르지,1
하겠다면,1
걸어가거라,1
덜컹,1
당겨,1
열었습니다,1
무서웠습니다,1
걸어가는,1
아니었습니다,1
걷기,1
꽤,1
당당한,1
닫으셔도,1
가겠어요,1
쿵쾅거리며,1
계단,1
내려갔,1
지각,1
하겠어,1
돌아왔습니다,1
콩닥거렸습니다,1
배웠어요,1
아무렴,1
아야,1
있단다,1
않다면,1
돌아가거라,1
모여들기,1
흥분하여,1
질렀지만,1
일어나지,1
상관,1
안타깝다는,1
절레절레,1
흔들더니,1
쩍,1
올렸습니다,1
지나,1
겼다고,1
울기,1
감옥,1
보내실,1
건가,1
크,1
질렀습니다,1
사진기,1
찍으셨습니다,1
토,1
닥,1
꼬맹이,1
헷갈렸을,1
뿐이오,1
초콜릿,1
가져다주었습니다,1
나서야,1
고픈지,1
달았습니다,1
먹었을,1
오셨습니다,1
내밀며,1
범죄자,1
잡으러,1
단단히,1
일러,1
찍은,1
헤치고,1
나가며,1
죄송해요,1
말썽,1
일으키려던,1
특별한지,1
괜찮다,1
걸어갔습니다,1
들어와,1
화나지,1
착한,1
아이야,1
혼란,1
타면,1
되나요,1
그렇기,1
피곤한,1
올려다보며,1
바뀌지,1
부드럽게,1
언젠가,1
바뀌겠지,1
타는,1
걸어가,1
어떻겠느냐고,1
웃으려고,1
쓰셨지만,1
고인,1
춥지는,1
않구나,1
하느님,1
낡,1
주셨어,1
지나갔습니다,1
수군거렸습니다,1
또래,1
뛰어왔습니다,1
사인,1
오랫동안,1
소년,1
싱긋,1
영웅,1
쑥스러웠,1
혼,1
란스,1
러워,1
했지만,1
늦은,1
몰려와,1
악수,1
찍으려고,1
뒤따라,1
걸었습니다,1
뿌듯했습니다,1
웃어도,1
찬가지였습니다,1
회사,1
바꾸었습니다,1
주며,1
타시죠,1
앉기,1
돌아서,1
흑,1
외투,1
보이셨습니다,1
자랑,1
머뭇거리니,1
앉으실,1
활짝,1
웃으셨습니다,1
가로지르며,1
돌아가지,1
않았을까,1
잡혀갔다,1
펼쳐지는,1
공간,1
살펴보며,1
강정연,1
김진화,1
명의,1
열렸어요,1
생글생글,1
참견,1
오더라고요,1
싶은지도,1
모르겠어요,1
우아,1
아이참,1
이상해요,1
나타나자마자,1
그만할래,1
주섬주섬,1
챙기며,1
일어섰어요,1
심통,1
옷자락,1
잡으며,1
말렸어요,1
승연,1
알거든,1
끔뻑,1
내려놓았어요,1
바위,1
순서,1
했죠,1
두근거렸어요,1
잡았어요,1
앙다물고,1
침착하게,1
던지고,1
웬일,1
가느다란,1
잡으려고,1
꾸라,1
지지,1
뛰,1
부딪친,1
르르,1
나머,1
죽었잖아,1
들어갔잖아,1
억울해서,1
놀랐는지,1
움찔,1
하더라고요,1
미안하다,1
휙,1
도망가,1
있죠,1
들여다봤지만,1
닿으면,1
나오자마자,1
넣었던,1
뺐어요,1
울상,1
보았어요,1
가져왔는지,1
기다란,1
나타났어요,1
납작,1
자로,1
더듬거,1
빠져나올,1
뭉치,1
더듬,1
나왔을,1
손뼉,1
나왔다,1
분홍색,1
물방울,1
무늬,1
빨간색,1
툴툴,1
가질래,1
선뜻,1
밀지,1
몰랐거든요,1
더러워,1
쓰냐,1
건네주고,1
쓰레기통,1
버렸어요,1
더러울,1
참았어요,1
하마터면,1
넘어질,1
뻔했지요,1
세웠어요,1
괴롭혀,1
작정,1
굳은,1
다그쳤고,1
싱글,1
싱,1
뼘,1
슬슬,1
새우,1
름거리,1
우스꽝스러운,1
않고는,1
견딜,1
않으려고,1
참았지만,1
쿡쿡,1
새어,1
풀려,1
놓아주었어요,1
기다렸다는,1
덩춤,1
추더니,1
휭,1
돌아보고,1
씩,1
웃고는,1
앉았고요,1
생각났어요,1
가졌을,1
할수록,1
좋아할,1
지으,1
벌름,1
세웠어,1
괴롭,1
샘,1
많다,1
타루,1
김윤주,1
탁,1
올려놓았어요,1
들어왔어요,1
떼지,1
가무잡잡한,1
예쁘다고,1
보겠어요,1
가볍게,1
성은,1
주은이야,1
또랑또랑,1
갸웃했어요,1
조용,1
지내도록,1
가만,1
있자,1
앉으면,1
방바닥,1
접시였어요,1
옮기면,1
개고요,1
쥔,1
오므렸다,1
폈다,1
손목시계,1
눈짓,1
알았다고,1
끄덕였어요,1
옮기기,1
옮기려고,1
땡,1
지났어요,1
옮겼으면,1
아쉬워,1
다독,1
하는구먼,1
거뜬하겠구먼,1
수북이,1
심부름,1
치거나,1
차거나,1
무술,1
장바구니,1
꺼,1
내다,1
둑알,1
일어났어요,1
쐬고,1
싶구먼,1
나섰어요,1
트,1
런데,1
하느라,1
느,1
릿느릿,1
걸으며,1
가다,1
서다를,1
앞서가며,1
굴렸어,1
하고요,1
주은이잖아,1
강낭,1
남달랐어요,1
가무,1
잡잡,1
대나무,1
뭔가,1
몰락,1
몰락했어요,1
카오리,1
쏜으로,1
꺼야,1
꼬향,1
끄래,1
컸어요,1
주은이처럼,1
아니었어,1
웃고,1
있었으니까,1
이상했어요,1
사투리,1
아닌데,1
어색하게,1
넣었어요,1
덩어리,1
슷했어,1
왝,1
저걸,1
먹다니,1
메스꺼웠어요,1
창피해,1
집던,1
그러,1
두리번거렸어요,1
지켜보던,1
숨겼어요,1
저녁때,1
콩장,1
묵,1
콩나물,1
좋지만,1
골고루,1
먹어야지,1
집으려던,1
생각난,1
멈,1
췄어요,1
있는데요,1
원시인,1
봤는데,1
있긴,1
카레,1
만인,1
뜻밖,1
갸우뚱,1
나쁘다고,1
문화인,1
된장찌개,1
된장,1
나쁠,1
알아듣겠,1
능겨,1
조몰락거리는,1
더러워요,1
걸릴,1
화장실,1
누었어,1
쫄쫄,1
돌아왔을,1
옮겨져,1
였어요,1
있었고,1
스티커,1
유리,1
병과,1
봉투,1
가리는,1
봐야겠지,1
옮겼어,1
주은이도,1
박우,1
악어,1
탁탁,1
이긴,1
뒤통수,1
주은이에게,1
억울하다는,1
돌렸어요,1
말하듯이,1
그랬구나,1
하나고,1
마주쳤어요,1
똑같이,1
옮긴,1
뽑기,1
뽐내,1
하겠어요,1
올려놓,1
파이팅,1
질세라,1
짱,1
패,1
갈린,1
족집,1
터져라,1
달아올랐어요,1
들자,1
잠잠해졌어요,1
쇠,1
들었어요,1
옮겼을,1
저번,1
따로,1
있는디,1
이길,1
무시하듯,1
겼어요,1
일기도,1
눈앞,1
아른거리기,1
싶다던,1
주기,1
옆통수,1
벅벅,1
긁었어요,1
머뭇거린,1
점포,1
만났거나,1
겨루게,1
소심한,1
이었다면,1
달라졌을,1
솔직한,1
바뀔까,1
꾸미려고,1
꾸미고,1
생각그물,1
하도록,1
바꿔야,1
드라마,1
유순,1
김옥,1
은은한,1
색,1
띤,1
곱다고,1
듣습니다,1
짜였을,1
퍽,1
설레었지요,1
꾸었습니다,1
빛나,1
신비,1
로움,1
되리라,1
기대,1
품,1
뽐내며,1
들이하는,1
꾸기도,1
신부,1
꾸,1
행복하였답니다,1
꿈꾸었던,1
팔려,1
구부정하고,1
훤하,1
벗겨진,1
한눈,1
부잣집,1
멀어,1
모진,1
찌든,1
보이기,1
했으니까,1
올이,1
가늘고,1
비색,1
고려청자,1
빛깔,1
푸른색,1
고상한,1
품격,1
풍파,1
고통,1
궁상맞다,1
꾀죄죄하고,1
초라하다,1
올을,1
틀어,1
어도,1
시위,1
벌이곤,1
소중하게,1
품고,1
맡겼,1
시라,1
알아듣는,1
였,1
그러지요,1
기쁘시겠어요,1
머니를,1
뵙게,1
되었으니,1
열릴,1
알았겠어요,1
기쁘다마다,1
감고,1
어린아이처럼,1
들뜬,1
백칠,1
넘은,1
꼬부,1
말다니,1
후유,1
사라졌구나,1
나왔습니다,1
글썽,1
말았지요,1
름질하,1
날렵한,1
지었,1
싸서,1
장롱,1
두었습니다,1
꺼내서,1
마름질,1
재목,1
치수,1
맞도록,1
재거,1
자르다,1
기다리세요,1
마니,1
만나러,1
갔시오,1
못마땅하였습니다,1
쭈글쭈글한,1
흘려,1
얼룩,1
싫었습니다,1
지루하게,1
들어갔다,1
들여다보고,1
꺼냈다,1
넣었다,1
실성한,1
물결,1
일었습니다,1
일로,1
그리워하고,1
넘었다는,1
일주일,1
지났습니다,1
벨,1
요란하게,1
렸습니,1
들여다보던,1
넘겨주었습니다,1
뭐라고요,1
어머님,1
어이구,1
마룻바닥,1
댕,1
치더니,1
급기야,1
터뜨리고,1
그러세요,1
북,1
계신,1
돌아가셨단다,1
돌아가셨어,1
렇,1
큰아들,1
그저,1
하늘만,1
올려다보던,1
닭똥,1
주르르,1
흘러내렸습니다,1
꼬박,1
대지,1
나시겠어요,1
나시,1
뵙,1
하잖아요,1
혼잣말,1
얼거,1
렸습,1
돌아가셨단,1
고맙지,1
할꼬,1
북녘,1
보이는,1
지폈습니다,1
가실,1
가세,1
덜컥,1
슬프고,1
슬펐습니다,1
수만,1
실려,1
싶었습니다,1
헤아려,1
주세요,1
만들어져,1
끌끌,1
찼습니다,1
책망,1
활활,1
타오르게,1
야속한,1
바람이었습니다,1
던져졌습니다,1
곱디,1
걸쳐지지도,1
후르,1
단번,1
가슴속,1
바래어,1
가벼워졌습니다,1
따라오,1
가벼이,1
얹더니,1
휘익,1
날아올랐습니다,1
한없이,1
날아갔습니다,1
얼마만큼,1
갔을까요,1
왁자지껄한,1
반짝,1
입은,1
어지,1
내려앉은,1
썩어서,1
거름,1
되어야겠,1
감았습니다,1
들렸습니다,1
퉁,1
스쳐,1
시퍼렇게,1
녹이,1
비스듬히,1
돌아가신,1
띄었습니다,1
어쩐지,1
비슷하다는,1
기울였습니다,1
벌어지고,1
뚜껑,1
끼니,1
냉이,1
나물,1
담아서,1
뚜막,1
올려놓았지,1
호기심,1
먹으라고,1
굶으셔도,1
빼놓지,1
않으셨어,1
일어났고,1
몰랐다는,1
살아만,1
빌었다고,1
이었지,1
이루지도,1
그저께,1
돌아가셨지,1
태워,1
서라,1
가시는,1
저승,1
손수,1
입혀,1
드리려는,1
실었습니,1
사뿐히,1
내려앉았습니다,1
부뚜막,1
솥,1
편평,1
사셨다,1
파는,1
돌아가셨다는,1
따라갔다,1
김자연,1
한유민,1
싶단,1
허리춤,1
꾹꾹,1
눌렀다,1
걸어오는데,1
같잖아,1
이뻐서,1
지에게,1
내려야,1
한다니까,1
그러네,1
태워다,1
못내,1
섭,1
섭한,1
세웠다,1
훌쩍,1
뛰어내렸다,1
쉬는,1
먹어라,1
내민,1
포장,1
바랜,1
먹는담,1
한창때,1
고프잖여,1
월매,1
먹는다니까,1
잉,1
알았어,1
싫다면,1
없지,1
어여,1
자못,1
아쉬운,1
도로,1
집어넣었,1
옮기다가,1
돌아보았다,1
우두,1
바라보고,1
들어가라고,1
손짓,1
알았쟈,1
뛰어갔다,1
채르륵,1
힘겹게,1
페달,1
밟는,1
들려왔다,1
얻었다,1
얻은,1
신문지,1
달라붙어서,1
부릴,1
문지,1
꼼꼼하게,1
넘겨주었다,1
입학,1
다녔다,1
리러,1
롬,1
되면서부터,1
달라지기,1
놀지도,1
알았다는,1
싫어졌다,1
않겠다고,1
흐뭇하게,1
찌푸린,1
교시,1
끝나자,1
쏟아,1
은근,1
빗속,1
어김없이,1
꼬소롬하,1
고소하다,1
숙제,1
업,1
끝났다,1
엄,1
미나,1
혜란,1
정혜,1
승용차,1
모퉁이,1
빛바랜,1
삐뚜름하,1
맞으면서도,1
길게,1
빼고,1
리번거렸다,1
지나갔,1
철렁,1
잽싸게,1
뺐다,1
벽,1
붙,1
흡,1
쉬었다,1
살폈다,1
여전히,1
오려면,1
곧바로,1
왔나,1
고무장화,1
흙투성이,1
러닝,1
셔츠,1
게다가,1
홀,1
젖고,1
젖은,1
여느,1
늙어,1
매미,1
착,1
한동안,1
가긴,1
발길,1
옮겼다,1
콩콩거렸다,1
꼭지,1
뜨끔했다,1
괜히,1
어쩌다,1
온대,1
걸어왔지,1
드셨어요,1
맞았다,1
목욕,1
대문,1
들어서자마자,1
왔는지,1
물었다,1
왔으니,1
어긋났나,1
봤다고,1
하드,1
진탕,1
먹었다요,1
있었나,1
켕,1
마신,1
탓,1
탔다,1
뒷덜미,1
홧,1
홧거렸다,1
노엽거,1
분한,1
켕기,1
나고,1
날까,1
불안해하다,1
홧홧거리,1
달아오르는,1
영,1
걸렸다,1
하기가,1
여간,1
않는다는,1
먹어도,1
전부,1
보았을까,1
모르지,1
휘휘,1
저었다,1
장화,1
훌러덩,1
올라섰다,1
올라서는,1
휘청거렸다,1
달려가,1
옆구리,1
부축,1
막내딸,1
눈시울,1
쓱쓱,1
문질러,1
닦았다,1
들어가,1
누웠다,1
누워야지요,1
두어,1
골았다,1
있었는지,1
모르겄,1
뭔,1
몰라도,1
엄청,1
속상한,1
구먼,1
잠든,1
들여다보았다,1
볕,1
그을린,1
박하고,1
괭이,1
박힌,1
발뒤꿈치,1
흡사,1
명태,1
넣고,1
다녔,1
동그랗게,1
삐죽,1
다니다니,1
에그,1
징,1
간식,1
는디,1
좋아하냐,1
널,1
다녀,1
쌓더니만,1
두었는,1
갑다,1
지가,1
솔찬,1
되었을,1
건디,1
설마,1
다녔을라고,1
보내야,1
헌다고,1
아끼잖여,1
났겄,1
아낀다고,1
쉬쉬,1
늦게,1
짧다고,1
마시는,1
마시잖여,1
참말,1
그렇다니께,1
모정,1
네모,1
육모,1
정자,1
멍멍했다,1
번갈아,1
깨졌고만,1
던졌다,1
다녔으니까,1
좋아하면서,1
하면서도,1
밀쳐놓은,1
당겼다,1
깠다,1
까니,1
크림,1
드문드문,1
크윽,1
모로,1
아누,1
잔기침,1
들려나,1
걸리면,1
한다던데,1
걱정스러운,1
가만가만,1
넣,1
별일,1
깨지지도,1
않았고만,1
삼키는,1
먹었다고,1
알았지,1
물끄러미,1
두둑,1
담벼락,1
때렸다,1
깊어,1
맞으며,1
오셨다,1
돌아오셨다,1
하셨다,1
데려다주셨다,1
얼큰하다,1
매운,1
비슷합니다,1
가꾸다,1
뜨겁다,1
키우다,1
무덥다,1
후텁,1
지근,1
보살피다,1
얼큰한,1
좋구나,1
오빠,1
맛있지,1
위험합니다,1
신호,1
생명,1
일어나는,1
아프게,1
길러야,1
집단,1
따돌림,1
따라다니며,1
신체,1
폭행,1
사이버,1
뺏기,1
기타,1
단위,1
초등학교,1
유형,1
교육부,1
주어진,1
달려갔습니다,1
두신,1
주렁주렁,1
열린,1
포도,1
먹는다,1
나타내요,1
나타내는데,1
빨갛다,1
둥글다,1
함께해,1
친절한,1
꿈꾸는,1
적어,1
시한,1
쉬워요,1
나눠서,1
앞뒤,1
자연스러운지,1
쉬워,1
굴리,1
잇기,1
뛰어갑니다,1
뛰어가는,1
홧값,1
사서,1
보관,1
두었다가,1
오르면,1
어지럽히,1
궁리,1
기르기로,1
보살피기로,1
다쳤다,1
추운,1
겨울철,1
쬐던,1
붙고,1
굴렀,1
해진,1
앞말,1
모음,1
뒷말,1
첫소리,1
사이시옷,1
받치어,1
적음,1
살림살이,1
두는,1
산초나무,1
열매,1
짠,1
보게,1
투덜투덜,1
불평,1
늘어,1
하필,1
붙는,1
물어내,1
싸움,1
벌였다,1
도망칠,1
도망쳤,1
싸워도,1
나지,1
않자,1
고을,1
결,1
깊고,1
흐르고,1
우뚝,1
솟은,1
산봉우리,1
병풍,1
둘러싸여,1
아름답습니다,1
황조롱이,1
까막딱따구리,1
다람쥐,1
쉬리,1
가사리,1
금강,1
모치,1
토종,1
알아보려고,1
하셨,1
하십니다,1
취소,1
겪게,1
압니,1
강물,1
넘쳐,1
논밭,1
빗물,1
부서지고,1
심지어,1
잃을,1
험합니다,1
아끼지,1
협조,1
필요합니다,1
드림,1
잃,1
씀하십니다,1
인지도,1
자연스러,1
어색한,1
분명하게,1
윗사람,1
사람인,1
드러냈나요,1
이다,1
떠하다,1
해야겠지,1
찾는다,1
어떠니,1
자연스러운,1
수레,1
요란하다,1
훔치던,1
훔친다는,1
짓도,1
죄,1
지르게,1
됨을,1
어떠,1
이나,1
나타냅,1
실속,1
떠들어,1
이르,1
퍼진다는,1
삼가야,1
맛있다,1
길다,1
빠르다,1
빠른,1
홍,1
명진,1
프랑,1
슬림,1
놀랍다고요,1
기만,1
현재,1
비율,1
넘어,1
센트,1
늘어날지,1
몰라요,1
태어날,1
한국인,1
결혼,1
낳,1
예측,1
있으니까,1
걸릴지,1
머,1
캐나다,1
프랑스,1
거예,1
겪고,1
갈등,1
되겠지요,1
마음가짐,1
가져,1
그랬듯이,1
문화,1
무슬림,1
이슬람교,1
믿는,1
아라비아어,1
그럽게,1
너그럽게,1
받아들이거,1
용서,1
족,1
받아들이고,1
화합,1
배워야겠지요,1
받아들이는,1
특별,1
대우,1
온정,1
길거리,1
만나도,1
기하,1
평범한,1
지하철,1
앉아도,1
마주쳐도,1
훔쳐,1
편안한,1
지나면,1
소방관,1
센터,1
직원,1
될지,1
모릅니다,1
이자,1
강국,1
부러워,1
한국,1
물론,1
경제,1
꿈꾸겠지요,1
단순히,1
제품,1
생산,1
소득,1
높은,1
뿐이지요,1
겉모습,1
내면,1
성숙해야,1
답니,1
성숙한지,1
하층,1
가난하고,1
소외,1
들이죠,1
품어,1
당당히,1
힘들어요,1
대한민국,1
차별,1
혹,1
출신,1
무시,1
듣는다면,1
러운,1
겠지요,1
이끄는,1
받아들인다면,1
인정받을,1
공동체,1
내밀,1
열려,1
선진,1
랍니,1
우리말,1
부치기,1
강생이,1
슈,1
순,1
들어가면,1
정원,1
남달리,1
달랐는지,1
궁금했는데,1
이순신,1
세종,1
안중근,1
퀴리,1
틀,1
있었지,1
불편하다,1
불행하지는,1
편견,1
없애는,1
한자,1
여겨,1
훈민정음,1
어떠했고,1
살았,1
하셨기에,1
하셨을까,1
전만,1
외세,1
받지,1
하셨고,1
하셨대,1
었습니,1
맡겨,1
졌다가,1
억울,1
헤아리시어,1
흘리며,1
간절,1
만덕,1
밝혀지자,1
내렸다,1
지우고,1
기뻤다,1
인생,1
신분제,1
지배,1
계급,1
일반인,1
죽어서,1
이별,1
파견,1
행정,1
기안,1
관아,1
두던,1
초상,1
태어났,1
가난하였으나,1
전염병,1
여의고,1
이리저리,1
수양딸,1
되었다가,1
스물,1
드,1
디어,1
벗어났다,1
포,1
열었다,1
맡아,1
사고파는,1
흥정,1
붙이기도,1
먹여,1
재워,1
묵어,1
맡기,1
쌀,1
무명,1
이오,1
남길,1
녹용,1
약초,1
귤,1
전복,1
특산,1
눈길,1
돌렸다,1
사들여,1
특,1
산물,1
사들일,1
지켰다,1
적게,1
판다,1
사고판,1
신용,1
철저히,1
지켰기,1
사업,1
나날이,1
번창,1
흘렀다,1
손꼽히는,1
포구,1
어귀,1
벌어,1
부자,1
많다고,1
함부,1
낭비하지,1
편안,1
감사하며,1
살아야,1
양식,1
굶주리는,1
늘어났다,1
죽게,1
되었다며,1
근심,1
잠겼다,1
다행,1
맞추어,1
익어,1
로라,1
앞두고,1
몰려왔다,1
애써,1
가꾸,1
농산물,1
지경,1
이르렀다,1
조정,1
알렸다,1
올해,1
망쳐,1
급히,1
살리기로,1
실어,1
보냈다,1
닿지,1
닥쳐,1
가라앉아,1
버린,1
침몰,1
하였다는,1
절망,1
하였,1
살려야겠다,1
총,1
사들인,1
놀랐다,1
하겠다고,1
내놓다니,1
관청,1
산더미,1
쌓여,1
건질,1
없었다면,1
죽었겠지,1
은인,1
모이기만,1
올렸다,1
졌다,1
놀라거나,1
커다래진,1
기꺼이,1
내준,1
나눔,1
용안,1
높여,1
내놓아,1
살렸다고,1
하여라,1
뵙는,1
없었기,1
떠날,1
없었던,1
당시,1
규범,1
깨고,1
경하,1
서울,1
지낸,1
다름없이,1
풍요롭,1
살기,1
삶은,1
베푸는,1
들었고,1
앞두,1
몰려와서,1
입었다,1
안히,1
김은미,1
경기도,1
남양주,1
마재,1
태어났어,1
였던,1
지켜볼,1
이른,1
떨어질,1
한시,1
그런데도,1
머슴살이,1
많았어요,1
익혔어요,1
훗날,1
영향,1
이즈음,1
바르,1
도리,1
따지는,1
성리학,1
해박,1
보면서,1
달라졌어요,1
영조,1
대가,1
천문,1
지리,1
의학,1
남김,1
실생활,1
이롭거나,1
경향,1
진주,1
돌아가셨어요,1
정약,1
용은,1
그만두고,1
돌아가시면,1
움막,1
명복,1
빌었거든요,1
두지,1
즈음,1
보내며,1
지으려,1
하네,1
줄이,1
찾아보게,1
화성,1
빠졌어요,1
찾던,1
만들었어요,1
도르래,1
원리,1
기계였지요,1
아끼고,1
성의,1
덜게,1
다스리는,1
돌던,1
주막,1
들려오는,1
뜨였어요,1
속셈,1
없는데,1
심,1
죽겠네,1
알아보았어요,1
빼,1
불린,1
김양,1
가져야,1
하는지에,1
다스려도,1
삼으면,1
되었거든요,1
보았던,1
삶도,1
떠나지,1
펴냈어요,1
현감,1
다스리던,1
방관,1
펴낸,1
어났으,1
열다,1
섯,1
버지,1
양으로,1
익힘,1
만들었음,1
찾아볼까,1
찾아보는,1
지켜보면서,1
발명,1
여명,1
태어난,1
좀처럼,1
낫,1
밤낮,1
가리지,1
돌보며,1
달랬지만,1
자지,1
뒤척,1
괴로워,1
칠이,1
가라앉았습니다,1
없었으며,1
침대,1
유리창,1
밝게,1
있으면서도,1
피하,1
같았으면,1
돌렸을,1
이상하게,1
까이에,1
램프,1
가져와,1
울렸을,1
좋아해서,1
리기,1
무섭게,1
다가오고는,1
일인,1
알아듣지,1
깡통,1
넣은,1
흔들었,1
충격,1
않았기,1
빼앗아,1
찾아다녔지만,1
침묵,1
몸부림,1
되돌아보며,1
어려서,1
깨어나,1
조용했다,1
의사소통,1
슬퍼하는,1
많아졌습니다,1
지르며,1
걷어차,1
뜯고,1
때렸습니다,1
제멋대로,1
였고,1
난폭해져,1
괴롭혔습니다,1
마나,1
괴롭히는지,1
생애,1
입니,1
여덟,1
마차,1
내려서,1
나누자마자,1
물었,1
안았,1
안기려,1
빼려고,1
바뀌었을까요,1
안길,1
안는,1
다가왔습니다,1
지기,1
맡겨진,1
끌어내,1
배웠지만,1
래드클리프,1
졸업,1
그러던,1
일어났,1
봄날,1
떠올랐습니다,1
좋아했는데,1
리자,1
쏟아져,1
내렸습니다,1
났습니다,1
쏟아지는,1
빛난,1
생겼습니다,1
일어나자마자,1
쓰,1
변함,1
가르쳤고,1
머무는,1
청각,1
배웠다는,1
듣자,1
기뻤으며,1
신도,1
졸랐습니다,1
힘들었지만,1
겪었지만,1
버리지,1
만났을,1
했을까요,1
알았을,1
걸고,1
돕는,1
나섰습니다,1
펜실베이니아주,1
데려와,1
살의,1
듣지도,1
하지도,1
계시,1
사치스러운,1
사지,1
보탰습니,1
성금,1
기뻤습니다,1
도우,1
깨달,1
얻었습니다,1
도와주려,1
일어나자마,1
힘든데도,1
닐,1
겪었을,1
딛고,1
나아가야,1
벗어나고자,1
칼,1
휘두르고,1
강제,1
닫게,1
태극기,1
장터,1
모인,1
외침,1
비추어,1
거울,1
발달,1
심해져서,1
마셔야,1
않아서,1
없어진다,1
겪을,1
소영,1
소영이,1
구별,1
남다른,1
발자취,1
성대,1
즉,1
식이,1
좌,1
조,1
아린,1
어엿한,1
마음먹은,1
공로,1
크다,1
불러오,1
들겠나이다,1
몸서리,1
치던,1
개구쟁이,1
세자였습니다,1
승,1
달라졌습니다,1
들려주신,1
항우,1
유방,1
시지,1
즉위,1
오르는,1
알리기,1
치르는,1
의식,1
보좌,1
조아리다,1
상대편,1
보이거나,1
하느라고,1
닿을,1
숙이다,1
죄인,1
보내어,1
일정한,1
기간,1
사기,1
한나라,1
사마천,1
황제,1
무제,1
역대,1
왕조,1
엮,1
활,1
훌륭한,1
들려주었습니다,1
깨닫고,1
어딜,1
가나,1
명종,1
대에,1
맞서,1
굽히지,1
않다가,1
모함,1
되자마자,1
유희,1
춘을,1
관직,1
내주었습니다,1
지에서,1
심하지,1
않았는가,1
미뤄,1
두었던,1
읽느라,1
세월,1
몰랐,1
사옵,1
광활하다,1
트이고,1
넓다,1
간신,1
간사한,1
정적,1
정치,1
대립,1
고초,1
괴로움,1
낮추어,1
이르던,1
껄껄,1
알았더니,1
맘,1
휴가,1
즐기고,1
구려,1
퀭,1
주신다면,1
바로잡아,1
바로잡고,1
냈습니다,1
체계,1
만들다,1
걸쳐,1
남김없이,1
완전한,1
장성,1
최정인,1
희는,1
꿀잠,1
기저,1
다녔는데,1
꾸지,1
아무래,1
피곤해서,1
아기씨,1
도련님,1
건너오라고,1
넘어갈,1
늦어서,1
큰소리,1
뿐이었다,1
다잡고,1
손님,1
오셨느냐,1
글쎄요,1
버렸다,1
두드렸다,1
조심스러웠다,1
들어오,1
희도,1
살며시,1
소스,1
본명,1
호임,1
물러섰다,1
그토록,1
헤매던,1
분이시다,1
웃었다,1
쳐졌다,1
계셨습니까,1
나다닐,1
있었겠느냐,1
그러했다,1
쥐어박아,1
주리,1
쏘아보았다,1
마주쳤다,1
방정,1
들킨,1
푹,1
숙이고,1
영특,1
오라비,1
대단했다,1
안다고,1
들었,1
배우려,1
하느냐,1
삼켰다,1
났다,1
넓고,1
싶고,1
시도,1
음성,1
또박또박,1
애썼다,1
싶다고,1
어지러운,1
눈발,1
흔들리는,1
배도,1
담기는,1
감히,1
꾼다는,1
하시겠지만,1
낮아졌다,1
덕이,1
뛰어나,1
우러러,1
어질고,1
총명한,1
끄덕였다,1
이따금,1
자꾸나,1
잇지,1
태어나면서부터,1
부족함,1
나아가,1
되었단다,1
비단,1
꾸러미,1
보따리,1
풀었다,1
스르르,1
벼루,1
탑,1
펴,1
묶은,1
짓지,1
답답했지,1
옛말,1
맡았다,1
더해,1
마음껏,1
읽,1
생시,1
분간,1
열렸다,1
씩씩거리며,1
썼다,1
당연히,1
무니,1
허허,1
소설,1
홍길동전,1
지었습니다,1
찌푸렸다,1
다운,1
곧게,1
내쉬었다,1
초롱초롱,1
눈빛,1
가르치겠습니다,1
멀뚱멀뚱,1
쳐다보다가,1
질렀다,1
무섭단,1
넘고,1
담장,1
건너,1
같은지,1
불행한,1
살아생전,1
시가,1
채울,1
였다고,1
왕성,1
창,1
하지요,1
안타깝게도,1
유언,1
대부,1
불타,1
사라지고,1
재능,1
아깝게,1
여긴,1
남동생,1
친정,1
외우는,1
엮었어,1
임진왜란,1
시들을,1
선시,1
실었,1
시들이,1
받으면서,1
알려지게,1
사신,1
편집,1
건네,1
뛰어넘어,1
인간,1
같지가,1
뛰어난,1
감탄,1
돌아가,1
낙,1
들었을,1
인기,1
끌었답니다,1
살피는,1
시선,1
예술,1
욕구,1
간하다,1
인쇄,1
내놓다,1
낙양,1
리다,1
팔림을,1
나타나도록,1
쓸까,1
백두산,1
조화,1
슬기롭게,1
흥미진진,1
갈매기,1
나단,1
얻는,1
피노키오,1
생각나는,1
고르다가,1
농사일,1
일상,1
빼먹지,1
오던,1
오늘날,1
신기,1
므,1
깊었던,1
음력,1
십일월,1
떠올라,1
반가워서,1
짓날,1
먹,1
날인,1
얽혀,1
믿었답,1
뿌,1
렸답니,1
생겼답니다,1
길어지기,1
살아난다고,1
믿었답니다,1
뿌렸답니다,1
겼답니다,1
고르다,1
길고,1
날이라고만,1
했는,1
살아나면서,1
길어지는,1
깊었습니다,1
봐야겠다고,1
보내려는,1
붙이는,1
붙일,1
부채,1
딸기,1
해와,1
만들어서,1
있었구나,1
달마,1
행사,1
했다니,1
재미있네,1
알거나,1
간략,1
확,1
인한다,1
넣으며,1
찾으며,1
이순원,1
송,1
은실,1
다니,1
올라가,1
소가,1
대관령,1
바라보다가,1
점심때,1
청승,1
까먹,1
대담해져서,1
갖추지,1
갖은,1
오월,1
날이었다,1
싫다고,1
가느냐고,1
없고,1
산소,1
갈아입어라,1
자라다가,1
아무나,1
짓는다더냐,1
짓는다고,1
데려다줄,1
갈아입어,1
옥신각신,1
하다가,1
갈아입었다,1
나오길,1
기다리고,1
때리려고,1
알았,1
때린,1
낯설,1
무섭,1
멈칫,1
섰다,1
에미,1
어미,1
넓게,1
봉당,1
안방,1
건넌방,1
놓을,1
놓지,1
둔,1
앞서,1
나섰다,1
따랐다,1
이르러,1
내주었다,1
서부터는,1
들어라,1
싫어하니,1
샐까,1
데려다주는,1
뒤따라오,1
받이였다,1
겨우,1
받이,1
양쪽,1
맺힌,1
거진,1
한가운데,1
늘어져,1
조롱조롱,1
매달려,1
넘,1
겨준,1
내기,1
자락,1
이내,1
흥건,1
털고,1
털었다,1
뒤따라가는,1
젖는,1
십오,1
분이면,1
넘을,1
넘었다,1
따라간,1
고무신,1
검은색,1
운동화,1
신었다,1
시커먼,1
땟국,1
발목,1
올라왔다,1
그렇,1
발끝,1
적신,1
닿았다,1
신어,1
양말,1
갈아,1
마음먹고,1
주마,1
새지,1
왠지,1
아니었,1
학굣길,1
새벽,1
털어놓고,1
왔다고,1
하셨나요,1
비슷해,1
느꼈니,1
보내려고,1
달래시는,1
바른길,1
이끌려는,1
있었기,1
교훈,1
얻어서,1
많아서,1
같더라도,1
있거나,1
알리,1
들었던,1
궁금했던,1
쓰려면,1
온도,1
고치,1
붙였나요,1
나타났나요,1
드러났나요,1
나타나게,1
간단한,1
보낸다면,1
궁금해졌어,1
김가은,1
찌를,1
등수,1
이기기만,1
찾아낸,1
데려간,1
만난다는,1
하기는,1
애쓰지는,1
애정,1
가져야겠다고,1
소중함을,1
박성준,1
당연하다고,1
빌려주어야,1
것임,1
알았다,1
주었기,1
집의,1
초대,1
지낸다,1
차지,1
행복하다,1
가진,1
영감,1
다정,1
박재현,1
복판,1
이루어진,1
살았어,1
올게,1
들어가지,1
싫,1
어하거,1
놀아,1
돌아오,1
길가,1
오도카니,1
주었거든,1
들어와요,1
둥근달,1
보름,1
닥쳤어,1
났어,1
하더니,1
올라,1
갔지,1
웅크리고,1
울었어,1
그러게,1
배우면,1
좋잖아,1
떨고,1
내려왔어,1
나직이,1
물었어,1
더워져서,1
녹아내리고,1
어나,1
넓은데,1
녹는다고,1
엄청나게,1
녹아내리니까,1
손톱,1
뜯었어,1
까칠한,1
악싸,1
악,1
핥아,1
슬퍼,1
보였나,1
내쉬며,1
노을,1
붉어진,1
않았잖아요,1
좋단,1
싶단다,1
들어왔잖아,1
싫지만,1
보냈지,1
챙겨야지,1
챙겼지,1
챙겼어,1
놀랐어,1
절대로,1
데려가야,1
매달리며,1
전날,1
돌아다녔어,1
그네,1
타던,1
차던,1
가꾸던,1
좋은데,1
놀던,1
풍덩,1
뛰어들던,1
올라갔었지,1
태어나고,1
자란,1
떠나니까,1
들어갔어,1
거닐다,1
돌아왔어,1
갔어요,1
나가지,1
않았니,1
차오르도록,1
달렸어,1
있었거든,1
바보,1
흘러내렸고,1
빨개졌어,1
타러,1
키워,1
주실,1
들어가려,1
올렸어,1
비행장,1
걸어갔어,1
요란한,1
활주로,1
콩알,1
보였어,1
띠,1
없었어,1
출발,1
했잖아,1
멈출,1
작아지는,1
오염시키지,1
빌었어,1
싶어요,1
도와주세요,1
지내며,1
행복해하는,1
오래,1
재미있어서,1
골랐,1
부리,1
말아야겠다는,1
혹부리,1
불렀습니다,1
나연,1
깊,1
있었다며,1
비행사,1
요리사,1
바뀐다,1
이루려면,1
과학,1
자였지만,1
연예인,1
싶기도,1
바뀌고,1
살아가면서,1
달았다,1
즐길,1
이루려고,1
해야겠다,1
다짐,1
읽었다는,1
드러,1
되돌아보는,1
안은영,1
고추잠자리,1
살금살금,1
잡아,1
버렸네,1
잡혀,1
좋거든,1
크지,1
튀어나온,1
덮어,1
돋보기,1
벌집,1
빽빽,1
그만큼,1
좋다는,1
돌리지,1
않고도,1
알아보지,1
쫓을,1
빨라,1
파리,1
루살,1
가시,1
붙잡으면,1
놓치지,1
않지,1
붙잡은,1
튼튼한,1
뜯어,1
치워,1
잡아먹는,1
멈춰서,1
뚝,1
떨어지고,1
솟,1
구치,1
방향,1
앞날,1
움직,1
보이니,1
벌은,1
날아다니는,1
강한,1
쏜,1
대단한,1
찾아온,1
앉았다가,1
바퀴,1
자리야,1
들어오지,1
들어오면,1
싸울,1
무시무시해,1
싸우다가,1
떨어지거나,1
심하게,1
싸우느냐고,1
좋아해,1
다가오고,1
붙어서,1
쌩쌩,1
엎치락뒤치락,1
들었나,1
내려앉아,1
마쳐,1
끝나니까,1
톡톡,1
낳아요,1
나도록,1
부딪치면서,1
싸워,1
여기저기,1
따라다니면서,1
채서,1
만나느라,1
싸웠어,1
닮아,1
씩씩한,1
자꾸자꾸,1
생겨날,1
살아가,1
알겠지,1
오는지,1
안전하게,1
뿌리는,1
죽은,1
소금쟁이,1
먹히게,1
자라나고,1
있겠지,1
아랫입술,1
번개,1
뻗어서,1
실지렁이,1
장구벌레,1
붙잡아,1
올챙이,1
사냥,1
닮았지,1
깨었을,1
작고,1
약하지만,1
자라서,1
벗는,1
세어지는,1
되지는,1
물기,1
마르도록,1
갈라지면서,1
젖히고,1
빼내,1
펴기,1
먹히는,1
구애,1
잡아먹히,1
낳으니까,1
줄어드는,1
지나고,1
왔어,1
있다가,1
안전한,1
풀숲,1
고추,1
산꼭대기,1
키워서,1
펴지고,1
길어져,1
몸속,1
투명해지고,1
단단하게,1
굳으면서,1
색깔,1
진해져,1
햇살,1
따뜻해지면,1
장구애비,1
돌아올,1
살펴봐,1
벗어,1
어렵지만,1
가질,1
날아간,1
야호,1
원스,1
레,1
반짝이는,1
멋있지,1
빠르고,1
하르방,1
할배,1
할압시,1
아바이,1
함경도,1
강원도,1
경상도,1
전라도,1
할버이,1
실시,1
괜찮겠지,1
일어나기도,1
지나가려는,1
뛰다가,1
부딪혀,1
부주의,1
요성,1
가지도록,1
도와줍니다,1
햇볕,1
내리쬐는,1
땀,1
뻘뻘,1
흘렸어요,1
농부가,1
비웃으며,1
미련,1
해서야,1
싣거나,1
당장,1
호통,1
버릇,1
없단,1
놀라며,1
찼어요,1
어린아이는,1
저런,1
아비,1
태울,1
태운,1
부친,1
틀비틀,1
다다랐을,1
불쌍한,1
가느라,1
빠,1
졌네,1
메고,1
이대로,1
가다가,1
쓰러,1
내렸어요,1
앞발,1
뒷발,1
올렸지요,1
외나무다리,1
건너면,1
버둥거리,1
놓치고,1
빠진,1
물살,1
떠내려가고,1
듣다가,1
말았구나,1
뒤늦게,1
없었답니다,1
받아들인,1
싣,1
나귀,1
쓰러질,1
무조건,1
받아들이면,1
일어날까,1
나은,1
따르면,1
휴게실,1
체육관,1
설치,1
것입,1
읽는지와,1
살펴봐야겠구나,1
풍부해,1
집니다,1
풍부한,1
나빠집니다,1
좋아졌,1
나빠졌습니다,1
나빠진다는,1
풍부해져서,1
살펴본,1
검색,1
찾아본다,1
아하,1
느끼며,1
이보,1
뭘,1
따랐을,1
생길지,1
않아야,1
익산,1
미륵사지,1
금동,1
향로,1
경주,1
첨성대,1
하는가,1
유적지,1
거대한,1
남았습니다,1
찾아보았고,1
빌려,1
읽기도,1
쓴이는,1
이어야,1
장마철,1
해야만,1
고궁,1
번식,1
했다는,1
장마,1
닫고만,1
퍼진,1
드나들면서,1
체험,1
호,1
늘어날,1
있는지도,1
유물,1
가꾸고,1
보존,1
나간다고,1
모으면,1
적절합,1
택했,1
나타나지,1
적절하,1
않습니다,1
쩔,1
망가진,1
돌이킬,1
여부,1
당근,1
없어서,1
고기만,1
하셔,1
영양,1
불균형,1
해져서,1
성장,1
늦어질,1
바람직하지,1
물어보기,1
고친,1
적절합니다,1
먹다가,1
오히,1
스트레스,1
해쳤다는,1
명확하게,1
밝히,1
덧붙이거나,1
수정,1
지내는,1
중요해요,1
서너,1
셀로판,1
테이프,1
자석,1
리해,1
필요해요,1
남겨,1
남겨요,1
계정,1
접속,1
올려요,1
소감,1
월요일,1
금요일,1
점심시간,1
쓰레기,1
줍기,1
동그라미,1
지키기,1
문제점,1
찾으려고,1
편한,1
벌목,1
인해,1
동식물,1
잃습니다,1
얻습니다,1
이로,1
말미,1
암,1
사라집니다,1
자원,1
막아야,1
재활용,1
가꾸어야,1
절로,1
복원,1
걸리지만,1
빨,1
최소,1
화해야,1
오스카,1
브르니피,1
양진희,1
프레데릭,1
레베,1
시킵니다,1
시키는,1
정당하고,1
들인데도,1
다르다는,1
어져,1
지거나,1
나아졌을,1
달다,1
갖는,1
믿음,1
갖기,1
살게,1
없을까요,1
자유로우려면,1
들일까,1
닮지,1
않았나요,1
보려면,1
편하지,1
해치려고,1
필요할,1
걸까,1
가르,1
주어야만,1
자유롭,1
알지요,1
킬,1
두려움,1
확실해요,1
되지요,1
거슬린다고,1
준답니다,1
때때로,1
실망,1
시킬까,1
두려워서,1
살아가야,1
마음먹지요,1
자유롭지,1
그건,1
찬가지랍니다,1
두려워하지,1
않으면서,1
믿,1
자유로워지는,1
받아들이도록,1
비난,1
해서지요,1
필요하다,1
외롭다는,1
깨닫,1
외로운,1
위층,1
칩니다,1
쿵쾅거리,1
뛰어다닙니다,1
아래층,1
견디기,1
소리치며,1
돌아다닙니다,1
조용하게,1
찌푸립니다,1
공공장소,1
조용히,1
이럴,1
당했다는,1
들겠지요,1
찰,1
뛰지,1
서나,1
건너서는,1
휴지,1
서는,1
구속,1
간섭,1
받는다고,1
느끼지만,1
자유롭기,1
훈련,1
시끄럽게,1
뛰어다닐,1
받습니다,1
누리기,1
거꾸로,1
남도,1
상대방,1
충동,1
참고,1
절제,1
자율,1
되며,1
참된,1
됩니다,1
내세우는,1
깔,1
꽃밭,1
가장자리,1
채송화,1
심으셨다,1
목욕탕,1
형,1
어리,1
밀어,1
주니,1
개운했다,1
꼬깔모,1
방희,1
굽는,1
골목길,1
젓는다,1
발름,1
목젖,1
날름날름,1
생쥐,1
서겠다,1
개미,1
최,1
미란,1
스케치북,1
필통,1
조종석,1
수석,1
그리는,1
커서,1
싶으냐고,1
묻지,1
기울이는,1
김현욱,1
내려간,1
내려갔는데,1
계,1
아이쿠,1
헛디뎠는데,1
앨리스,1
동굴,1
끝없이,1
떨어지지,1
않겠니,1
차려,1
호빗,1
호박,1
집들이,1
미로,1
갑자,1
간달프,1
하더구나,1
차입니다,1
오호,1
찾느라,1
알아요,1
피이,1
가신,1
일어났을까요,1
었는,1
기억나지,1
이리,1
찾아다니셨을,1
변명,1
재미있,1
떠올리는,1
알아볼,1
답변,1
살아날,1
떠올릴,1
느껴질,1
들키고,1
속마음,1
나오시,1
기다리는,1
드셨던,1
가난했던,1
후반,1
풍경,1
산골,1
펼쳐집니다,1
신나는,1
싶었,1
가져가고,1
싶었나요,1
배탈,1
가겠다고,1
원하는,1
속상하셨을,1
미진,1
이종균,1
꾸었지,1
름,1
펄펄,1
내리더니,1
궁금했어,1
한다는,1
졸려서,1
싫었지만,1
없었지,1
걸려서,1
서쪽,1
도착,1
미는,1
그렁,1
저렁,1
돌아왔단다,1
정승,1
불렀지,1
들였어,1
척도,1
토라,1
버렸어,1
주자,1
벌떡,1
마마,1
내리락,1
왔다가,1
갔다가,1
내리면서,1
다스리게,1
주었어,1
추었지,1
변,1
당하게,1
내리,1
낚싯대,1
걸린,1
모락모락,1
숯불,1
기이,1
소금,1
뒤집었다,1
엎었다,1
듣던,1
붉,1
어졌,1
너무나도,1
때렸는데,1
어찌나,1
때렸던지,1
찍,1
몰려가,1
붙어,1
말았던,1
맞을까,1
떼어서,1
덩,1
찰싹,1
튀어나와,1
버,1
쫙,1
찢어질까,1
움켜쥐고,1
뾰,1
해지고,1
말았어,1
궁금하게,1
대접,1
싶었어요,1
아팠을,1
강조,1
놀라서,1
동작,1
그려요,1
그려서,1
읽나요,1
떠올리나요,1
나누나요,1
찬다,1
묶였던,1
훌훌,1
몰려,1
다발,1
차올린다,1
한껏,1
부푼,1
터질,1
아우성,1
김형경,1
끌어,1
올리면,1
치솟는다,1
오른다,1
얼어붙은,1
솟구친다,1
진완,1
발가락,1
구경이,1
싶어졌,1
으윽,1
으음,1
아이고,1
배야,1
싸한,1
진통,1
안았어요,1
보소,1
얼라가,1
나올라,1
캅,1
둘레둘레,1
돌아보니,1
사방,1
졸음,1
겨운,1
붉은,1
갈라,1
터진,1
입술,1
뿐이었,1
났,1
구마,1
하노,1
영차,1
으악,1
오매,1
낳게,1
생겼,1
어유,1
시방,1
워떠케,1
애가,1
봐주겄슈,1
수군덕거렸어요,1
버럭,1
질렀다지요,1
차장,1
부텀,1
세우,1
쇼,1
남정,1
우두커니,1
후딱,1
인가에,1
뛰어가서,1
오고,1
끝나기도,1
움직이기,1
하이고,1
날벼락,1
어이쿠,1
주랑,1
굴러서,1
참이여,1
울리는,1
외마디,1
지는,1
쉰,1
끙,1
먹던,1
쥐어,1
짰다,1
창피하고,1
아프고,1
춥고,1
으앙,1
으아,1
앙,1
울음,1
터트렸다,1
나왔어,1
밑천,1
한몫,1
잡았구먼,1
보태,1
엄매,1
먹입,1
시더,1
아잉,1
두꺼비,1
꼬깃꼬깃,1
꺼내자,1
찾았어요,1
아따,1
화통,1
삶아,1
먹었나,1
울음소리,1
우렁차,1
가수,1
시키면,1
되겠구먼,1
애기,1
아부지,1
박수,1
신바람,1
척,1
올리고는,1
하시는데요,1
네야,1
유랑,1
꽹과리,1
치기,1
아리,1
쓰리,1
쓰리랑,1
응응,1
어깨춤,1
추었,1
휘날렸지만,1
안은,1
후끈했지요,1
좋아서,1
장단,1
맞춰,1
쪽쪽,1
빨았지요,1
태어났다고,1
지어졌,1
가난,1
설움,1
끓어,1
올라도,1
찬물,1
가라앉힐,1
알고요,1
용감한,1
얼라를,1
매다,1
우렁차지,1
하모,1
여장부,1
딸이거든요,1
훌륭하다,1
담고,1
들려주세요,1
바뀌는,1
끝나는,1
띄어,1
띄어쓰기,1
맞으면,1
틀리면,1
소문,1
돌았다,1
덜어서,1
먹었다,1
힘들겠다,1
적었다,1
감자,1
넓었다,1
